公司名稱,職缺名稱,徵才網址,薪水區間
艾絲資訊股份有限公司,艾絲資訊 PHP 系統開發工程師,http://www.104.com.tw/job/4ua1d?jobsource=hotjob_chr,"月薪 40,000~60,000元"
茂林光電科技股份有限公司,【茂林光電  徵的是你】繪圖助理工程師 (新增),http://www.104.com.tw/job/70m4u?jobsource=hotjob_chr,"月薪 28,000~55,000元"
開榮股份有限公司,產品應用專員 Applications Specialist -南區,http://www.104.com.tw/job/6y482?jobsource=hotjob_chr,待遇面議 (經常性薪資達4萬元或以上) 
瀚強工程有限公司,工務助理【需建築相關科系，歡迎社會新鮮人】,http://www.104.com.tw/job/70bu8?jobsource=hotjob_chr,"月薪 35,000元以上"
"SKF Taiwan Co., Ltd._斯凱孚股份有限公司",可靠度業務工程師,http://www.104.com.tw/job/6wd3f?jobsource=hotjob_chr,"月薪 30,000~45,000元"
英濟股份有限公司,生醫事業 製程工程師,http://www.104.com.tw/job/71eaq?jobsource=hotjob_chr,待遇面議 (經常性薪資達4萬元或以上) 
太聯事業股份有限公司,事業開發助理 (全球事業開發部),http://www.104.com.tw/job/7195j?jobsource=hotjob_chr,"月薪 35,000~50,000元"
易大科技股份有限公司,現場管理工程師(彰化),http://www.104.com.tw/job/6zrnb?jobsource=hotjob_chr,"月薪 31,000元以上"
"SKF Taiwan Co., Ltd._斯凱孚股份有限公司",服務工程師,http://www.104.com.tw/job/5i2h5?jobsource=hotjob_chr,待遇面議 (經常性薪資達4萬元或以上) 
使之覺醒生化科技有限公司,保健食品開發專員,http://www.104.com.tw/job/717zc?jobsource=hotjob_chr,"月薪 35,000~55,000元"
英屬維京群島商嘉碼科技有限公司台灣分公司,資料工程師,http://www.104.com.tw/job/6zvh2?jobsource=jolist_c_relevance,"月薪 50,000~70,000元"
精藤股份有限公司,資料工程師,http://www.104.com.tw/job/6xsj2?jobsource=jolist_c_relevance,待遇面議 (經常性薪資達4萬元或以上) 
聖嘉資訊科技股份有限公司,資料工程師,http://www.104.com.tw/job/3226n?jobsource=jolist_c_relevance,待遇面議 (經常性薪資達4萬元或以上) 
我傳媒科技股份有限公司,資料工程師,http://www.104.com.tw/job/6y4tz?jobsource=jolist_c_relevance,待遇面議 (經常性薪資達4萬元或以上) 
17直播_英屬維京群島商麻吉一七股份有限公司台灣分公司,Data Engineer 資料工程師,http://www.104.com.tw/job/6roij?jobsource=jolist_c_relevance,待遇面議 (經常性薪資達4萬元或以上) 
玉山銀行_玉山商業銀行股份有限公司,(數金處)資料工程師,http://www.104.com.tw/job/5y7ya?jobsource=jolist_c_relevance,待遇面議 (經常性薪資達4萬元或以上) 
17直播_英屬維京群島商麻吉一七股份有限公司台灣分公司,Data Engineer Manager 資料工程經理,http://www.104.com.tw/job/70mrk?jobsource=jolist_c_relevance,待遇面議 (經常性薪資達4萬元或以上) 
華致資訊開發股份有限公司,資料工程師 Data Engineer,http://www.104.com.tw/job/717oc?jobsource=jolist_c_relevance,"月薪 30,000~45,000元"
ViewSonic Corporation_優派國際股份有限公司,資料工程師 Data Developer,http://www.104.com.tw/job/6vjg7?jobsource=jolist_c_relevance,待遇面議 (經常性薪資達4萬元或以上) 
三也科技股份有限公司,維運資料工程師,http://www.104.com.tw/job/6z7y8?jobsource=jolist_c_relevance,"月薪 50,000~80,000元"
搞之訊有限公司,ETL資料工程師,http://www.104.com.tw/job/71kng?jobsource=jolist_c_relevance,待遇面議 (經常性薪資達4萬元或以上) 
PIXNET_優像數位媒體科技股份有限公司,高級資料工程師(NC-痞客邦研發中心),http://www.104.com.tw/job/6lyi1?jobsource=jolist_c_relevance,待遇面議 (經常性薪資達4萬元或以上) 
三也科技股份有限公司,資深維運資料工程師,http://www.104.com.tw/job/6zx2w?jobsource=jolist_c_relevance,"月薪 70,000~100,000元"
天鏡科技股份有限公司,資料工程師 (Data Engineer),http://www.104.com.tw/job/68tpe?jobsource=jolist_c_relevance,"月薪 40,000~90,000元"
永豐商業銀行股份有限公司,數據應用部-資料工程人員,http://www.104.com.tw/job/70dj8?jobsource=jolist_c_relevance,待遇面議 (經常性薪資達4萬元或以上) 
紫式大數據決策股份有限公司,資料工程暨網頁系統整合開發工程師,http://www.104.com.tw/job/6p2d5?jobsource=jolist_c_relevance,"年薪 700,000~900,000元"
麟數據科技股份有限公司,資料工程師 Data Engineer (數據中台),http://www.104.com.tw/job/6uduf?jobsource=jolist_c_relevance,待遇面議 (經常性薪資達4萬元或以上) 
91APP_九易宇軒股份有限公司,雲端資料工程師 (Cloud Data Engineer),http://www.104.com.tw/job/5s15o?jobsource=jolist_c_relevance,待遇面議 (經常性薪資達4萬元或以上) 
富智康國際股份有限公司(鴻海集團),【S】資料工程師 Data Engineer(土城),http://www.104.com.tw/job/70cte?jobsource=jolist_c_relevance,待遇面議 (經常性薪資達4萬元或以上) 
"美商 Canner, Inc_易開科技股份有限公司",資深資料工程師 (Data Engineer),http://www.104.com.tw/job/6pgc8?jobsource=jolist_c_relevance,待遇面議 (經常性薪資達4萬元或以上) 
鼎羿科技有限公司,資料庫工程師,http://www.104.com.tw/job/6z13k?jobsource=2018indexpoc,"月薪 40,000~55,000元"
九七科技股份有限公司,Python 後端資料工程師,http://www.104.com.tw/job/700vg?jobsource=2018indexpoc,"月薪 45,000~65,000元"
資寶科技股份有限公司,資料工程師/Data Engineer,http://www.104.com.tw/job/71fz1?jobsource=2018indexpoc,待遇面議 (經常性薪資達4萬元或以上) 
台灣大哥大股份有限公司,I193 大數據資料工程師,http://www.104.com.tw/job/6q2g6?jobsource=2018indexpoc,"月薪 31,000~53,000元"
瑞嘉軟體科技股份有限公司,Data Engineer / 資料工程師,http://www.104.com.tw/job/5jh6a?jobsource=2018indexpoc,"月薪 55,000~142,000元"
英屬維京群島商耐思財富投資有限公司台灣分公司,Data Engineer / 資料工程師,http://www.104.com.tw/job/714cp?jobsource=2018indexpoc,"月薪 55,000~142,000元"
三立電視台_三立電視股份有限公司,資料工程師(資訊部),http://www.104.com.tw/job/6dcfl?jobsource=2018indexpoc,待遇面議 (經常性薪資達4萬元或以上) 
PIXNET_優像數位媒體科技股份有限公司,高級資料工程師(NC-痞客邦研發中心),http://www.104.com.tw/job/6lyi1?jobsource=2018indexpoc,待遇面議 (經常性薪資達4萬元或以上) 
關貿網路股份有限公司,資料工程師(T53),http://www.104.com.tw/job/4ftgq?jobsource=2018indexpoc,待遇面議 (經常性薪資達4萬元或以上) 
信業國際有限公司,資料庫工程師,http://www.104.com.tw/job/6aqsa?jobsource=2018indexpoc,"月薪 30,000~60,000元"
緯德科技股份有限公司 (TechLink Corporation),SQL資料庫工程師,http://www.104.com.tw/job/5e6v1?jobsource=2018indexpoc,待遇面議 (經常性薪資達4萬元或以上) 
鉑麟科技股份有限公司,資料工程師,http://www.104.com.tw/job/6pjfz?jobsource=2018indexpoc,"月薪 50,000~80,000元"
臺灣發展軟體科技股份有限公司,Deep Learning Data Engineer 深度學習資料工程師,http://www.104.com.tw/job/70blb?jobsource=2018indexpoc,待遇面議 (經常性薪資達4萬元或以上) 
嘉實資訊股份有限公司,資料庫研發工程師,http://www.104.com.tw/job/44d7a?jobsource=2018indexpoc,待遇面議 (經常性薪資達4萬元或以上) 
資寶科技股份有限公司,資深資料工程師/Senior Data Engineer,http://www.104.com.tw/job/70fu1?jobsource=2018indexpoc,"年薪 1,200,000~1,800,000元"
Nexio Technology Limited_睿世軟體科技股份有限公司,SQL Developer | 資料庫工程師,http://www.104.com.tw/job/6nn99?jobsource=2018indexpoc,待遇面議 (經常性薪資達4萬元或以上) 
云智資訊股份有限公司,資料庫工程師,http://www.104.com.tw/job/6u7ri?jobsource=2018indexpoc,待遇面議 (經常性薪資達4萬元或以上) 
圖策科技股份有限公司,ML / Data Engineer 機器學習與資料工程師,http://www.104.com.tw/job/6yd49?jobsource=2018indexpoc,待遇面議 (經常性薪資達4萬元或以上) 
台灣大哥大股份有限公司,I202 資料庫軟體工程師,http://www.104.com.tw/job/6xiif?jobsource=2018indexpoc,"月薪 31,000~53,000元"
汎宇電商股份有限公司,資料庫管理工程師,http://www.104.com.tw/job/70iph?jobsource=2018indexpoc,待遇面議 (經常性薪資達4萬元或以上) 
奇美拉股份有限公司,資料庫工程師,http://www.104.com.tw/job/6ectf?jobsource=2018indexpoc,"月薪 35,000~50,000元"
域動行銷股份有限公司,資料工程師 (機器學習)(具圖像辨識經驗佳),http://www.104.com.tw/job/6shtp?jobsource=2018indexpoc,"月薪 40,000元以上"
雨林新零售股份有限公司,DBA 資料庫工程師,http://www.104.com.tw/job/6xvb0?jobsource=2018indexpoc,待遇面議 (經常性薪資達4萬元或以上) 
皇霖實業股份有限公司,SQL資料庫工程師,http://www.104.com.tw/job/6wm60?jobsource=2018indexpoc,待遇面議 (經常性薪資達4萬元或以上) 
臺灣中小企業銀行股份有限公司,資料倉儲工程師,http://www.104.com.tw/job/6f3dr?jobsource=2018indexpoc,"月薪 33,000~67,000元"
億力資訊股份有限公司,資料庫工程師,http://www.104.com.tw/job/41mm3?jobsource=2018indexpoc,待遇面議 (經常性薪資達4萬元或以上) 
昱冠資訊股份有限公司,資料科學工程師,http://www.104.com.tw/job/5ugo5?jobsource=2018indexpoc,"月薪 26,000~82,000元"
緯德科技股份有限公司 (TechLink Corporation),資料分析報表工程師,http://www.104.com.tw/job/5ebze?jobsource=2018indexpoc,待遇面議 (經常性薪資達4萬元或以上) 
北都數位有線電視股份有限公司,資訊部-資料庫工程師,http://www.104.com.tw/job/6wpvd?jobsource=2018indexpoc,"月薪 32,000~40,000元"
億力資訊股份有限公司,資料庫工程師 (DBA),http://www.104.com.tw/job/6r51u?jobsource=2018indexpoc,待遇面議 (經常性薪資達4萬元或以上) 
嘉實資訊股份有限公司,資料庫研發工程師,http://www.104.com.tw/job/44d7a?jobsource=jolist_c_relevance,待遇面議 (經常性薪資達4萬元或以上) 
雨林新零售股份有限公司,DBA 資料庫工程師,http://www.104.com.tw/job/6xvb0?jobsource=jolist_c_relevance,待遇面議 (經常性薪資達4萬元或以上) 
Nexio Technology Limited_睿世軟體科技股份有限公司,SQL Developer | 資料庫工程師,http://www.104.com.tw/job/6nn99?jobsource=jolist_c_relevance,待遇面議 (經常性薪資達4萬元或以上) 
皇霖實業股份有限公司,SQL資料庫工程師,http://www.104.com.tw/job/6wm60?jobsource=jolist_c_relevance,待遇面議 (經常性薪資達4萬元或以上) 
臺灣中小企業銀行股份有限公司,資料倉儲工程師,http://www.104.com.tw/job/6f3dr?jobsource=jolist_c_relevance,"月薪 33,000~67,000元"
億力資訊股份有限公司,資料庫工程師,http://www.104.com.tw/job/41mm3?jobsource=jolist_c_relevance,待遇面議 (經常性薪資達4萬元或以上) 
台灣大哥大股份有限公司,I202 資料庫軟體工程師,http://www.104.com.tw/job/6xiif?jobsource=jolist_c_relevance,"月薪 31,000~53,000元"
汎宇電商股份有限公司,資料庫管理工程師,http://www.104.com.tw/job/70iph?jobsource=jolist_c_relevance,待遇面議 (經常性薪資達4萬元或以上) 
緯德科技股份有限公司 (TechLink Corporation),資料分析報表工程師,http://www.104.com.tw/job/5ebze?jobsource=jolist_c_relevance,待遇面議 (經常性薪資達4萬元或以上) 
欣創科技有限公司,SQL 資料庫工程師,http://www.104.com.tw/job/6kgjf?jobsource=jolist_c_relevance,待遇面議 (經常性薪資達4萬元或以上) 
動力安全資訊股份有限公司,資料備份 助理工程師,http://www.104.com.tw/job/67fib?jobsource=jolist_c_relevance,"月薪 28,000~40,000元"
北都數位有線電視股份有限公司,資訊部-資料庫工程師,http://www.104.com.tw/job/6wpvd?jobsource=jolist_c_relevance,"月薪 32,000~40,000元"
億力資訊股份有限公司,資料庫工程師 (DBA),http://www.104.com.tw/job/6r51u?jobsource=jolist_c_relevance,待遇面議 (經常性薪資達4萬元或以上) 
中國人壽保險股份有限公司(總公司),ETL資料工程師(科主管),http://www.104.com.tw/job/6sf18?jobsource=jolist_c_relevance,待遇面議 (經常性薪資達4萬元或以上) 
泰金寶電通股份有限公司,RC-資料庫系統工程師,http://www.104.com.tw/job/6pt77?jobsource=jolist_c_relevance,"月薪 31,000~70,000元"
國泰世華商業銀行股份有限公司_人力資源部,"【數據生態營運】資料科學工程師_ 數據管理 (數數發中心, DDT)",http://www.104.com.tw/job/6rkkm?jobsource=jolist_c_relevance,"月薪 30,000~80,000元"
億力資訊股份有限公司,資料庫開發工程師,http://www.104.com.tw/job/4ca0c?jobsource=jolist_c_relevance,待遇面議 (經常性薪資達4萬元或以上) 
億力資訊股份有限公司,Oracle資料庫管理工程師,http://www.104.com.tw/job/44hpt?jobsource=jolist_c_relevance,待遇面議 (經常性薪資達4萬元或以上) 
酷遊天股份有限公司,[資訊] 資料庫工程師 Database Administrator,http://www.104.com.tw/job/60nmd?jobsource=jolist_c_relevance,待遇面議 (經常性薪資達4萬元或以上) 
利穎電信股份有限公司,網頁/資料庫 工程師,http://www.104.com.tw/job/5klax?jobsource=jolist_c_relevance,"月薪 58,000~80,000元"
葳誠科技有限公司,MS SQL DBA 資料庫開發管理工程師,http://www.104.com.tw/job/4ejvi?jobsource=jolist_c_relevance,"月薪 50,000~80,000元"
力成科技股份有限公司,技術工程類- 資料庫工程師 DBA Database Administrator,http://www.104.com.tw/job/6zwgo?jobsource=jolist_c_relevance,待遇面議 (經常性薪資達4萬元或以上) 
緯創資通股份有限公司,RRH0406-資料庫開發工程師,http://www.104.com.tw/job/6q6ho?jobsource=jolist_c_relevance,"月薪 30,000~60,000元"
歐立威科技股份有限公司,MongoDB 資料庫工程師 (NoSQL),http://www.104.com.tw/job/6t4vq?jobsource=jolist_c_relevance,待遇面議 (經常性薪資達4萬元或以上) 
歐立威科技股份有限公司,資料倉儲工程師 (新竹) (資料庫/大數據/巨量資料/資料倉儲/新鮮人可),http://www.104.com.tw/job/6yxzi?jobsource=jolist_c_relevance,待遇面議 (經常性薪資達4萬元或以上) 
炬識科技股份有限公司,Data Engineer-Hadoop Admin II 資料工程師(系統建置維護),http://www.104.com.tw/job/4owz9?jobsource=jolist_c_relevance,待遇面議 (經常性薪資達4萬元或以上) 
歐立威科技股份有限公司,資料倉儲工程師 (台北) (資料庫/大數據/巨量資料/資料倉儲/新鮮人可),http://www.104.com.tw/job/6r2nr?jobsource=jolist_c_relevance,待遇面議 (經常性薪資達4萬元或以上) 
樂天國際商業銀行股份有限公司,樂天銀行(純網銀)_資料庫工程師,http://www.104.com.tw/job/719l3?jobsource=jolist_c_relevance,待遇面議 (經常性薪資達4萬元或以上) 
聯強國際股份有限公司,資料庫工程師(全球第二大IT通路集團),http://www.104.com.tw/job/2o11o?jobsource=jolist_c_relevance,待遇面議 (經常性薪資達4萬元或以上) 
富智康國際股份有限公司(鴻海集團),【S】資料庫開發與管理工程師(土城),http://www.104.com.tw/job/6yx0v?jobsource=jolist_c_relevance,待遇面議 (經常性薪資達4萬元或以上) 
國眾電腦股份有限公司,資料庫工程師(新店),http://www.104.com.tw/job/6rs1u?jobsource=2018indexpoc,"月薪 30,000~35,000元"
台灣立訊精密有限公司,資料庫管理工程師 Oracle DBA (派駐越南),http://www.104.com.tw/job/6srdc?jobsource=2018indexpoc,待遇面議 (經常性薪資達4萬元或以上) 
鴻海精密工業股份有限公司,高雄軟體園區-資料軟體工程師,http://www.104.com.tw/job/5hbsp?jobsource=2018indexpoc,待遇面議 (經常性薪資達4萬元或以上) 
國泰金控_國泰金融控股股份有限公司,"資料科學工程師（Python 軟體工程）-- 資料科學實驗室 (數數發中心, DDT)",http://www.104.com.tw/job/6w7ov?jobsource=2018indexpoc,"月薪 30,000~90,000元"
復旦電競有限公司,資料庫SQL工程師,http://www.104.com.tw/job/5tkay?jobsource=2018indexpoc,"月薪 35,000~60,000元"
國泰世華商業銀行股份有限公司_人力資源部,【數據生態營運】資料營運工程師-Site Reliability Engineer(SRE),http://www.104.com.tw/job/6xu96?jobsource=2018indexpoc,待遇面議 (經常性薪資達4萬元或以上) 
台達電子工業股份有限公司 _DELTA ELECTRONICS INC.,IT資料倉儲工程師_Corp. IT (orp. IT (內湖),http://www.104.com.tw/job/6u8rr?jobsource=2018indexpoc,待遇面議 (經常性薪資達4萬元或以上) 
撼訊科技股份有限公司,資料庫程式工程師,http://www.104.com.tw/job/6iizf?jobsource=2018indexpoc,待遇面議 (經常性薪資達4萬元或以上) 
台達電子工業股份有限公司 _DELTA ELECTRONICS INC.,軟體設計資深工程師(資料分析)_數位製造平台(桃三),http://www.104.com.tw/job/71rd7?jobsource=2018indexpoc,待遇面議 (經常性薪資達4萬元或以上) 
國泰金控_國泰金融控股股份有限公司,"資料科學工程師（Python 後端研發）-- 資料科學實驗室  (數數發中心, DDT)",http://www.104.com.tw/job/6k5ft?jobsource=2018indexpoc,"月薪 30,000~90,000元"
新普科技股份有限公司,A1 駐外資料庫管理工程師,http://www.104.com.tw/job/6rg8y?jobsource=2018indexpoc,待遇面議 (經常性薪資達4萬元或以上) 
博晶醫電股份有限公司,資深資料科學演算法工程師 (Senior Data Science Algorithm Engineer),http://www.104.com.tw/job/69990?jobsource=2018indexpoc,待遇面議 (經常性薪資達4萬元或以上) 
悠遊卡股份有限公司,資料庫工程師,http://www.104.com.tw/job/6vf7l?jobsource=2018indexpoc,待遇面議 (經常性薪資達4萬元或以上) 
大牛科技有限公司,資料庫工程師,http://www.104.com.tw/job/6n48w?jobsource=2018indexpoc,待遇面議 (經常性薪資達4萬元或以上) 
台灣光罩股份有限公司,資料處理工程師,http://www.104.com.tw/job/6uyrj?jobsource=2018indexpoc,"月薪 32,000~45,000元"
樂天國際商業銀行股份有限公司,樂天銀行(純網銀)_[伺服器、網路、資料庫] 管理工程師,http://www.104.com.tw/job/711lo?jobsource=2018indexpoc,待遇面議 (經常性薪資達4萬元或以上) 
中佑資訊有限公司,資料庫工程師,http://www.104.com.tw/job/6sgvn?jobsource=2018indexpoc,待遇面議 (經常性薪資達4萬元或以上) 
簡單行動支付股份有限公司,資料庫工程師,http://www.104.com.tw/job/41rjd?jobsource=2018indexpoc,"月薪 30,000~100,000元"
奇邑科技股份有限公司,資料探勘工程師,http://www.104.com.tw/job/71ekq?jobsource=2018indexpoc,待遇面議 (經常性薪資達4萬元或以上) 
國立臺灣師範大學_教育研究與評鑑中心,幼兒發展調查資料庫建置計畫--誠徵工程師1名,http://www.104.com.tw/job/713gl?jobsource=2018indexpoc,"月薪 35,000~45,000元"
中華系統整合股份有限公司,資料庫工程師,http://www.104.com.tw/job/71mow?jobsource=2018indexpoc,待遇面議 (經常性薪資達4萬元或以上) 
國泰世華商業銀行股份有限公司_人力資源部,"【數據生態營運】資料營運工程師 (數數發中心,DDT)",http://www.104.com.tw/job/6v7r3?jobsource=2018indexpoc,待遇面議 (經常性薪資達4萬元或以上) 
工研院 _財團法人工業技術研究院,工研院巨資中心_人工智慧與巨量資料平台技術研發工程師(W201),http://www.104.com.tw/job/5am2k?jobsource=2018indexpoc,待遇面議 (經常性薪資達4萬元或以上) 
睿訊有限公司,資料庫管理工程師,http://www.104.com.tw/job/4ab9v?jobsource=2018indexpoc,待遇面議 (經常性薪資達4萬元或以上) 
蓋亞汽車股份有限公司,DBA Engineer 資料庫管理工程師,http://www.104.com.tw/job/70sl0?jobsource=2018indexpoc,待遇面議 (經常性薪資達4萬元或以上) 
南亞電路板股份有限公司(南電),AI工程師(資料分析),http://www.104.com.tw/job/6olvl?jobsource=2018indexpoc,"月薪 39,000~45,000元"
勤誠興業股份有限公司,資料庫工程師,http://www.104.com.tw/job/6gxlx?jobsource=2018indexpoc,待遇面議 (經常性薪資達4萬元或以上) 
台灣現觀股份有限公司,大數據資料處理工程師,http://www.104.com.tw/job/70aaz?jobsource=jolist_c_relevance,待遇面議 (經常性薪資達4萬元或以上) 
玉山銀行_玉山商業銀行股份有限公司,Oracle資料庫管理工程師,http://www.104.com.tw/job/6tnk6?jobsource=jolist_c_relevance,待遇面議 (經常性薪資達4萬元或以上) 
兆洋資訊股份有限公司,【台北內湖】網路文字資料探勘分析(Text Mining/Data Crawler)演算法工程師,http://www.104.com.tw/job/5em7m?jobsource=jolist_c_relevance,待遇面議 (經常性薪資達4萬元或以上) 
嘉里大榮物流股份有限公司,資料庫管理工程師,http://www.104.com.tw/job/6n7uo?jobsource=jolist_c_relevance,待遇面議 (經常性薪資達4萬元或以上) 
中信金控_台灣人壽保險股份有限公司,資訊_資料倉儲工程師,http://www.104.com.tw/job/6fiv5?jobsource=jolist_c_relevance,待遇面議 (經常性薪資達4萬元或以上) 
捷安特 YouBike_巨大機械工業股份有限公司,GTM資料應用工程師,http://www.104.com.tw/job/6c78n?jobsource=jolist_c_relevance,"月薪 33,000~43,000元"
翰霖科技資訊股份有限公司,Oracle資料庫設計工程師,http://www.104.com.tw/job/6x63z?jobsource=jolist_c_relevance,待遇面議 (經常性薪資達4萬元或以上) 
中佑資訊有限公司,資料庫管理工程師,http://www.104.com.tw/job/53qsm?jobsource=jolist_c_relevance,"月薪 35,000~60,000元"
卡爾世達股份有限公司,維修資料編撰工程師,http://www.104.com.tw/job/3720v?jobsource=jolist_c_relevance,"月薪 25,000~40,000元"
動力安全資訊股份有限公司,資料庫管理DBA 工程師,http://www.104.com.tw/job/6ne1i?jobsource=jolist_c_relevance,待遇面議 (經常性薪資達4萬元或以上) 
國泰金控_國泰金融控股股份有限公司,"[2020 DataCon活動]資料科學工程師（微服務產品開發）- 資料科學實驗室  (數數發中心, DDT)",http://www.104.com.tw/job/71s8z?jobsource=jolist_c_relevance,"月薪 30,000~90,000元"
聚和國際股份有限公司,資料分析工程師/資料科學家 &lt;近鳳山/林園/小港/屏東&gt;,http://www.104.com.tw/job/6wu9a?jobsource=jolist_c_relevance,待遇面議 (經常性薪資達4萬元或以上) 
凱信資訊股份有限公司,資訊安全工程師 (資料安全保護),http://www.104.com.tw/job/6i77r?jobsource=jolist_c_relevance,"月薪 28,000~60,000元"
奇美拉股份有限公司,資料庫工程師,http://www.104.com.tw/job/70ccu?jobsource=jolist_c_relevance,"月薪 30,000~50,000元"
德義資訊股份有限公司,系統及資料庫工程師,http://www.104.com.tw/job/3cutt?jobsource=jolist_c_relevance,待遇面議 (經常性薪資達4萬元或以上) 
沅聖科技股份有限公司,資料庫程式設計工程師,http://www.104.com.tw/job/6t4gr?jobsource=jolist_c_relevance,待遇面議 (經常性薪資達4萬元或以上) 
兆威數位媒體有限公司,資料庫開發工程師(DBA),http://www.104.com.tw/job/6so3i?jobsource=jolist_c_relevance,待遇面議 (經常性薪資達4萬元或以上) 
瑞昱半導體股份有限公司,資料分析工程師,http://www.104.com.tw/job/6sfqm?jobsource=jolist_c_relevance,待遇面議 (經常性薪資達4萬元或以上) 
順立智慧股份有限公司,資料分析工程主管,http://www.104.com.tw/job/5imtm?jobsource=jolist_c_relevance,待遇面議 (經常性薪資達4萬元或以上) 
博晶醫電股份有限公司,資料科學演算法工程師 (Data Science Algorithm Engineer),http://www.104.com.tw/job/6zh4b?jobsource=jolist_c_relevance,待遇面議 (經常性薪資達4萬元或以上) 
新加坡商耐思人工智能有限公司台灣分公司,【DBA】MySQL DBA / 資料庫管理工程師,http://www.104.com.tw/job/6wwxa?jobsource=jolist_c_relevance,待遇面議 (經常性薪資達4萬元或以上) 
恆富國際有限公司,【資料庫】DBA資深工程師,http://www.104.com.tw/job/6rjfj?jobsource=jolist_c_relevance,待遇面議 (經常性薪資達4萬元或以上) 
創視科技有限公司,數據工程師 /資料處理工程師,http://www.104.com.tw/job/6zi2j?jobsource=jolist_c_relevance,"月薪 35,000~60,000元"
瑞嘉軟體科技股份有限公司,【DBA】SQL Server DBA / 資料庫管理工程師,http://www.104.com.tw/job/6xt4l?jobsource=jolist_c_relevance,"月薪 55,000~142,000元"
全一電子股份有限公司,資料中心助理工程師,http://www.104.com.tw/job/6jwlt?jobsource=jolist_c_relevance,"月薪 24,000~26,000元"
瑞嘉軟體科技股份有限公司,【DBA】SQL Server Database Developer / 資料庫開發工程師,http://www.104.com.tw/job/49ko5?jobsource=jolist_c_relevance,"月薪 55,000~142,000元"
歐立威科技股份有限公司,資料平台工程師(或新鮮人),http://www.104.com.tw/job/4v0q8?jobsource=jolist_c_relevance,"月薪 28,000~40,000元"
風采有限公司,DBA,http://www.104.com.tw/job/70iwn?jobsource=2018indexpoc,待遇面議 (經常性薪資達4萬元或以上) 
慧邦科技股份有限公司,遊戲數據工程師,http://www.104.com.tw/job/6u7bu?jobsource=2018indexpoc,待遇面議 (經常性薪資達4萬元或以上) 
磐弈有限公司,Web 資深前端工程師,http://www.104.com.tw/job/6yhxx?jobsource=2018indexpoc,"月薪 40,000~80,000元"
美商先進資訊有限公司 Advanced Control Systems Inc.,專案工程師 (Project Engineer),http://www.104.com.tw/job/6c3ws?jobsource=2018indexpoc,"月薪 50,000~65,000元"
香港商福維克樂智有限公司台灣分公司,資訊系統分析師,http://www.104.com.tw/job/6u1ov?jobsource=2018indexpoc,待遇面議 (經常性薪資達4萬元或以上) 
蓋亞汽車股份有限公司,DBA Engineer 資料庫管理工程師,http://www.104.com.tw/job/70sl0?jobsource=2018indexpoc,待遇面議 (經常性薪資達4萬元或以上) 
台灣樂天市場股份有限公司,【日商樂天】Data Engineer(DEV),http://www.104.com.tw/job/6yur3?jobsource=2018indexpoc,待遇面議 (經常性薪資達4萬元或以上) 
中華麟股份有限公司,PHP工程師,http://www.104.com.tw/job/6fgd0?jobsource=2018indexpoc,"月薪 40,000~60,000元"
昱勝資訊股份有限公司,測試專員,http://www.104.com.tw/job/71nyz?jobsource=2018indexpoc,待遇面議 (經常性薪資達4萬元或以上) 
艾絲資訊股份有限公司,艾絲資訊 PHP 系統開發工程師,http://www.104.com.tw/job/4ua1d?jobsource=2018indexpoc,"月薪 40,000~60,000元"
永豐商業銀行股份有限公司,數據應用部-數據分析應用人員,http://www.104.com.tw/job/6wnct?jobsource=2018indexpoc,待遇面議 (經常性薪資達4萬元或以上) 
台灣樂天市場股份有限公司,【日商樂天】Data Analyst(DEV),http://www.104.com.tw/job/6z1jb?jobsource=2018indexpoc,待遇面議 (經常性薪資達4萬元或以上) 
萬蕙昇股份有限公司,程式設計工程師,http://www.104.com.tw/job/5m21k?jobsource=2018indexpoc,待遇面議 (經常性薪資達4萬元或以上) 
台達電子工業股份有限公司 _DELTA ELECTRONICS INC.,軟體設計資深工程師(資料分析)_數位製造平台(桃三),http://www.104.com.tw/job/71rd7?jobsource=2018indexpoc,待遇面議 (經常性薪資達4萬元或以上) 
盛達電業股份有限公司,雲端網聯軟體工程師 (新竹),http://www.104.com.tw/job/71m50?jobsource=2018indexpoc,待遇面議 (經常性薪資達4萬元或以上) 
能鉅科技有限公司,機器視覺工程師,http://www.104.com.tw/job/6635n?jobsource=2018indexpoc,"月薪 35,000~50,000元"
博暉科技股份有限公司,資產管理系統開發人才C#(AM),http://www.104.com.tw/job/5hw6w?jobsource=2018indexpoc,"月薪 33,000~60,000元"
英屬維京群島商嘉碼科技有限公司台灣分公司,"賭場管理系統伺服器工程師(C,C++)(一)",http://www.104.com.tw/job/2ymy6?jobsource=2018indexpoc,"月薪 35,000~50,000元"
今展科技股份有限公司,ERP資訊工程師(鼎新TIPTOP系統),http://www.104.com.tw/job/6uvar?jobsource=2018indexpoc,待遇面議 (經常性薪資達4萬元或以上) 
網際威信股份有限公司,AI應用軟體開發工程師,http://www.104.com.tw/job/711tp?jobsource=2018indexpoc,"月薪 35,000元以上"
台灣現觀股份有限公司,Big Data Engineer,http://www.104.com.tw/job/6qf7v?jobsource=2018indexpoc,待遇面議 (經常性薪資達4萬元或以上) 
香港商俊思海外有限公司台灣分公司,Data Engineer (Lane Crawford Joyce Group),http://www.104.com.tw/job/70v0q?jobsource=2018indexpoc,待遇面議 (經常性薪資達4萬元或以上) 
台灣安麗莎醫療器材科技股份有限公司,雲端工程師,http://www.104.com.tw/job/6zhht?jobsource=2018indexpoc,待遇面議 (經常性薪資達4萬元或以上) 
德利國際遊戲供應有限公司,歡迎加入我們行列-程式設計-無經驗可,http://www.104.com.tw/job/70s8r?jobsource=2018indexpoc,"月薪 30,000~35,000元"
鋐泰汽車零件股份有限公司,MIS專員/INTERNET程式設計專員,http://www.104.com.tw/job/67p92?jobsource=2018indexpoc,待遇面議 (經常性薪資達4萬元或以上) 
瑞儀光電股份有限公司,14G009 AI人工智慧工程師,http://www.104.com.tw/job/6lp8d?jobsource=2018indexpoc,待遇面議 (經常性薪資達4萬元或以上) 
競泰股份有限公司,SAP 系統工程師,http://www.104.com.tw/job/6zjb5?jobsource=2018indexpoc,待遇面議 (經常性薪資達4萬元或以上) 
全球快遞_全球商務科技股份有限公司,科服處-程式設計師(SD人員),http://www.104.com.tw/job/6mbly?jobsource=2018indexpoc,待遇面議 (經常性薪資達4萬元或以上) 
佳勝科技股份有限公司,資訊工程師,http://www.104.com.tw/job/6igy5?jobsource=2018indexpoc,待遇面議 (經常性薪資達4萬元或以上) 
三竹資訊股份有限公司,資訊源研發工程師,http://www.104.com.tw/job/spu1?jobsource=2018indexpoc,待遇面議 (經常性薪資達4萬元或以上) 
新漢股份有限公司,(TMR- ) 資料分析(機器學習)開發工程師,http://www.104.com.tw/job/6ua9x?jobsource=2018indexpoc,待遇面議 (經常性薪資達4萬元或以上) 
前進國際股份有限公司,資料倉儲工程師(竹南竹科三期/台南南科),http://www.104.com.tw/job/71f0u?jobsource=2018indexpoc,待遇面議 (經常性薪資達4萬元或以上) 
緯創資通股份有限公司,資料庫軟體工程師 _ 汐止 _00000,http://www.104.com.tw/job/6zgll?jobsource=2018indexpoc,"月薪 30,000~60,000元"
國巨股份有限公司,(台北)資料庫系統資深工程師-擴大招募,http://www.104.com.tw/job/4qokl?jobsource=2018indexpoc,待遇面議 (經常性薪資達4萬元或以上) 
德義資訊股份有限公司,Crystal reports及資料庫工程師,http://www.104.com.tw/job/3oua8?jobsource=2018indexpoc,待遇面議 (經常性薪資達4萬元或以上) 
Phison Electronics Corp_群聯電子股份有限公司,機器學習演算法工程師/資料科學工程師/Machine Learning Engineer/Data Scientist,http://www.104.com.tw/job/5ov5m?jobsource=2018indexpoc,待遇面議 (經常性薪資達4萬元或以上) 
歐立威科技股份有限公司,Hadoop 平台工程師(資料湖/大數據/巨量資料/HDP/CDH/串流處理),http://www.104.com.tw/job/6qjw8?jobsource=2018indexpoc,待遇面議 (經常性薪資達4萬元或以上) 
歐博森科技有限公司,資深資料庫程式工程師(台北),http://www.104.com.tw/job/4r4gx?jobsource=2018indexpoc,待遇面議 (經常性薪資達4萬元或以上) 
露天市集國際資訊股份有限公司,露天市集-資料庫工程師DBA,http://www.104.com.tw/job/6r22w?jobsource=2018indexpoc,待遇面議 (經常性薪資達4萬元或以上) 
國泰世華商業銀行股份有限公司_人力資源部,"【數據生態營運】資料科學工程師 (數數發中心,DDT)",http://www.104.com.tw/job/6v7pz?jobsource=2018indexpoc,待遇面議 (經常性薪資達4萬元或以上) 
敦陽科技股份有限公司,技術副理 (新竹)【SS1-NP】,http://www.104.com.tw/job/5uhsw?jobsource=2018indexpoc,"月薪 40,000~60,000元"
昇銳電子股份有限公司,【專案行銷部】資料庫管理高級工程師 (高雄),http://www.104.com.tw/job/70fpt?jobsource=2018indexpoc,待遇面議 (經常性薪資達4萬元或以上) 
艾奕康工程顧問股份有限公司,資料庫與數據分析師 Data and Analytics Engineer(建築與人居環境部-台北),http://www.104.com.tw/job/6y5r2?jobsource=2018indexpoc,待遇面議 (經常性薪資達4萬元或以上) 
保沃亞通工程顧問股份有限公司,WEB／資料庫程式設計工程師,http://www.104.com.tw/job/4i0cx?jobsource=2018indexpoc,"月薪 28,000~60,000元"
網際威信股份有限公司,AI大數據分析師/主管,http://www.104.com.tw/job/6nnhm?jobsource=2018indexpoc,"年薪 500,000~1,300,000元"
錠嵂保險經紀人股份有限公司,數據/資料分析工程師-台北 (系統推展部),http://www.104.com.tw/job/6l6mm?jobsource=2018indexpoc,"月薪 35,000~55,000元"
新加坡商必創科技股份有限公司,資料庫DBA工程師,http://www.104.com.tw/job/6pn0z?jobsource=2018indexpoc,待遇面議 (經常性薪資達4萬元或以上) 
敦陽科技股份有限公司,【高薪】SAP HANA Basis 資料庫系統管理約聘駐點工程師 (新竹) (BXO),http://www.104.com.tw/job/6x8hf?jobsource=2018indexpoc,"月薪 65,000~70,000元"
樺晟電子股份有限公司,基金-資料庫軟體工程師,http://www.104.com.tw/job/6wnga?jobsource=2018indexpoc,"月薪 40,000元以上"
果思設計有限公司,後端資深工程師(.NET),http://www.104.com.tw/job/6yr7q?jobsource=2018indexpoc,"月薪 50,000~90,000元"
普鴻資訊股份有限公司,DW資料倉儲開發工程師-中和區(維運部),http://www.104.com.tw/job/6wqzh?jobsource=2018indexpoc,待遇面議 (經常性薪資達4萬元或以上) 
台達電子工業股份有限公司 _DELTA ELECTRONICS INC.,人工智慧資料科學家/人工智慧應用工程師_台達研究院(台北),http://www.104.com.tw/job/6h22n?jobsource=2018indexpoc,待遇面議 (經常性薪資達4萬元或以上) 
皮克網路有限公司,演算法資料／大數據 工程師！加入台中矽谷,http://www.104.com.tw/job/4nvhg?jobsource=2018indexpoc,"月薪 30,000~52,000元"
鴻禧旅行社有限公司,【鴻禧旅行社總公司】MIS工程師（程式設計、系統維護、資料庫管理）,http://www.104.com.tw/job/31dt6?jobsource=2018indexpoc,"月薪 40,000~50,000元"
鼎順數位科技有限公司,資料庫管理工程師 【需具經驗 / 薪資依能力面談調整】,http://www.104.com.tw/job/6yhrz?jobsource=2018indexpoc,"月薪 30,000~60,000元"
安富科技股份有限公司,[台北] AI Deep Learning / 人工智慧深度學習工程師 / 資料科學家,http://www.104.com.tw/job/59ye0?jobsource=2018indexpoc,待遇面議 (經常性薪資達4萬元或以上) 
敦陽科技股份有限公司,【高薪】Oracle DB 資料庫系統管理約聘駐點工程師 (新竹) (BXO),http://www.104.com.tw/job/6x8h3?jobsource=2018indexpoc,"月薪 65,000~70,000元"
智信數位整合股份有限公司,程式開發工程師,http://www.104.com.tw/job/6itsg?jobsource=2018indexpoc,待遇面議 (經常性薪資達4萬元或以上) 
莎美娜實業股份有限公司,(資深) 軟體工程師,http://www.104.com.tw/job/6m90i?jobsource=2018indexpoc,待遇面議 (經常性薪資達4萬元或以上) 
宇清數位智慧股份有限公司,資深軟體系統架構師,http://www.104.com.tw/job/671hk?jobsource=2018indexpoc,"月薪 60,000~100,000元"
雲湧資訊股份有限公司,JAVA 工程師,http://www.104.com.tw/job/6l09c?jobsource=2018indexpoc,"月薪 60,000元以上"
逸空間有限公司,Technical Consultant Engineer / 技術顧問工程師(NG),http://www.104.com.tw/job/717bu?jobsource=2018indexpoc,"月薪 42,000~68,000元"
逸空間有限公司,Technical Consultant Engineer / 技術顧問工程師(XZ),http://www.104.com.tw/job/710is?jobsource=2018indexpoc,"月薪 42,000~68,000元"
昱冠資訊股份有限公司,大數據系統架構師,http://www.104.com.tw/job/6djds?jobsource=2018indexpoc,"月薪 26,000~82,000元"
路由共享管理顧問有限公司,資深後端開發工程師,http://www.104.com.tw/job/715ii?jobsource=2018indexpoc,"月薪 80,000元以上"
杰悉科技股份有限公司,後端工程師,http://www.104.com.tw/job/6cogg?jobsource=2018indexpoc,待遇面議 (經常性薪資達4萬元或以上) 
科風股份有限公司,.NET/C# 程式工程師,http://www.104.com.tw/job/520v1?jobsource=2018indexpoc,"月薪 30,000~40,000元"
緯創資通股份有限公司,伺服器軟體系統工程師_內湖_00180,http://www.104.com.tw/job/6q5d4?jobsource=2018indexpoc,"月薪 30,000~60,000元"
連宜股份有限公司,資訊專員(上班地點:前鎮),http://www.104.com.tw/job/6w8t0?jobsource=2018indexpoc,待遇面議 (經常性薪資達4萬元或以上) 
永豐金證券股份有限公司,商業分析人員(數據應用部),http://www.104.com.tw/job/6wuqx?jobsource=2018indexpoc,待遇面議 (經常性薪資達4萬元或以上) 
萬蕙昇股份有限公司,程式設計工程師,http://www.104.com.tw/job/5m21k?jobsource=2018indexpoc,待遇面議 (經常性薪資達4萬元或以上) 
億豪先鋒網路有限公司,網站後端工程師,http://www.104.com.tw/job/4mg8v?jobsource=2018indexpoc,"月薪 28,000~60,000元"
晟明科技股份有限公司,iOS / Android app 工程師,http://www.104.com.tw/job/70hig?jobsource=2018indexpoc,待遇面議 (經常性薪資達4萬元或以上) 
艾新科環保材料有限公司,數據計量分析研究員,http://www.104.com.tw/job/6dhbo?jobsource=2018indexpoc,"月薪 36,000元以上"
玉山銀行_玉山商業銀行股份有限公司,(數金處)機器學習工程師,http://www.104.com.tw/job/6dtcl?jobsource=2018indexpoc,待遇面議 (經常性薪資達4萬元或以上) 
"美商 Canner, Inc_易開科技股份有限公司",資深後端工程師,http://www.104.com.tw/job/6kph1?jobsource=2018indexpoc,待遇面議 (經常性薪資達4萬元或以上) 
昱臺國際股份有限公司,Web 程式設計師,http://www.104.com.tw/job/6y2fk?jobsource=2018indexpoc,待遇面議 (經常性薪資達4萬元或以上) 
順開科技股份有限公司,IT 軟體工程師,http://www.104.com.tw/job/70tw7?jobsource=2018indexpoc,"月薪 35,000~38,000元"
博識資訊顧問有限公司,系統分析師,http://www.104.com.tw/job/6xrfn?jobsource=2018indexpoc,"月薪 40,000元以上"
錩鋼精密科技股份有限公司,資訊助理/工程師(新北-新莊總廠),http://www.104.com.tw/job/6ox5f?jobsource=2018indexpoc,"月薪 25,000~45,000元"
萬銘工程科技股份有限公司,和美監造主任,http://www.104.com.tw/job/71j74?jobsource=2018indexpoc,待遇面議 (經常性薪資達4萬元或以上) 
永輝協同網路服務股份有限公司,Mobile Web-初階-前端開發工程師,http://www.104.com.tw/job/71gbg?jobsource=2018indexpoc,"月薪 36,000元以上"
永輝協同網路服務股份有限公司,Mobile Web-全端開發工程師,http://www.104.com.tw/job/6zxb3?jobsource=2018indexpoc,"月薪 48,000元以上"
勁傑系統科技股份有限公司,資訊工程師,http://www.104.com.tw/job/5gxb8?jobsource=2018indexpoc,"月薪 28,000~45,000元"
芸享科技有限公司,軟體工程師,http://www.104.com.tw/job/6z3sz?jobsource=2018indexpoc,"月薪 35,000~70,000元"
錼創顯示科技股份有限公司,數據分析工程師（竹南科學園區）,http://www.104.com.tw/job/6japp?jobsource=2018indexpoc,待遇面議 (經常性薪資達4萬元或以上) 
慶奇科技股份有限公司,後端工程師 Back-end Developer,http://www.104.com.tw/job/70f1b?jobsource=2018indexpoc,待遇面議 (經常性薪資達4萬元或以上) 
宇泰華科技股份有限公司,Backend Development 後端工程師,http://www.104.com.tw/job/5bdsg?jobsource=2018indexpoc,待遇面議 (經常性薪資達4萬元或以上) 
藍科數位科技股份有限公司,軟體維運工程師,http://www.104.com.tw/job/4jl7r?jobsource=2018indexpoc,"月薪 35,000~55,000元"
緯創軟體股份有限公司,【 2020軟體技術人才招募】大數據工程師,http://www.104.com.tw/job/69zh1?jobsource=2018indexpoc,待遇面議 (經常性薪資達4萬元或以上) 
鴻品營造股份有限公司,建築工程師,http://www.104.com.tw/job/3tl8v?jobsource=jolist_c_relevance,待遇面議 (經常性薪資達4萬元或以上) 
芙奕達科技有限公司,Unix/Linux 在家值班 維護工程師(全省),http://www.104.com.tw/job/70em1?jobsource=jolist_c_relevance,"月薪 40,000~55,000元"
北宜欣工程股份有限公司,機電品管工程師,http://www.104.com.tw/job/6x815?jobsource=jolist_c_relevance,待遇面議 (經常性薪資達4萬元或以上) 
香港商米波國際有限公司台灣分公司,"後端軟體工程師 / Software Engineer - Backend (年薪700,000起~)",http://www.104.com.tw/job/4vmc9?jobsource=jolist_c_relevance,"年薪 700,000~1,000,000元"
蓋特資訊系統股份有限公司,Senior Machine Learning Engineer,http://www.104.com.tw/job/6e6r8?jobsource=jolist_c_relevance,待遇面議 (經常性薪資達4萬元或以上) 
群廣資訊股份有限公司,Php 程式設計師,http://www.104.com.tw/job/6193a?jobsource=jolist_c_relevance,待遇面議 (經常性薪資達4萬元或以上) 
展藝建設股份有限公司,營建工程師,http://www.104.com.tw/job/70ync?jobsource=jolist_c_relevance,"月薪 30,000~65,000元"
康威資訊有限公司,資料庫管理工程師,http://www.104.com.tw/job/6i2br?jobsource=jolist_c_relevance,"月薪 50,000~70,000元"
御翔土木包工有限公司,現場工地負責人員,http://www.104.com.tw/job/4tw25?jobsource=jolist_c_relevance,"月薪 35,000~55,000元"
阿物股份有限公司,"Site Reliability Engineering Manager, SRE 經理 (台北)",http://www.104.com.tw/job/709pc?jobsource=jolist_c_relevance,"月薪 75,000元以上"
玉山銀行_玉山商業銀行股份有限公司,(智能金融處)機器學習平台工程師,http://www.104.com.tw/job/6rp6s?jobsource=jolist_c_relevance,待遇面議 (經常性薪資達4萬元或以上) 
通嘉科技股份有限公司,[新竹]產品(資深)工程師,http://www.104.com.tw/job/6negj?jobsource=jolist_c_relevance,待遇面議 (經常性薪資達4萬元或以上) 
灼見科技股份有限公司,程式設計師,http://www.104.com.tw/job/71d38?jobsource=jolist_c_relevance,"月薪 30,000元以上"
天主教若瑟醫療財團法人若瑟醫院,資訊工程師,http://www.104.com.tw/job/5ajdi?jobsource=jolist_c_relevance,"年薪 366,000元以上"
微電能源股份有限公司,通訊系統軟體工程師（竹北）,http://www.104.com.tw/job/6v8c3?jobsource=jolist_c_relevance,"月薪 35,000元以上"
宏雄工程股份有限公司,電機繪圖人員,http://www.104.com.tw/job/71n4j?jobsource=jolist_c_relevance,"月薪 35,000~50,000元"
嘉磐建設事業股份有限公司,工務主管-採發成控(台中),http://www.104.com.tw/job/6xkyk?jobsource=jolist_c_relevance,待遇面議 (經常性薪資達4萬元或以上) 
玉山銀行_玉山商業銀行股份有限公司,(智能金融處)機器學習平台(精英)工程師,http://www.104.com.tw/job/6rp6t?jobsource=jolist_c_relevance,待遇面議 (經常性薪資達4萬元或以上) 
威雲科技股份有限公司,業務支援工程師,http://www.104.com.tw/job/6pvuh?jobsource=jolist_c_relevance,"月薪 40,000~60,000元"
阿物股份有限公司,"Site Reliability Engineering, SRE 工程師 (台北)",http://www.104.com.tw/job/6lw1u?jobsource=jolist_c_relevance,"月薪 40,000~65,000元"
台唐營造股份有限公司,工程品管人員,http://www.104.com.tw/job/6vkzd?jobsource=jolist_c_relevance,"月薪 40,000~55,000元"
翊騰有限公司,營造工程師/土木工程師/內業工程師,http://www.104.com.tw/job/6z1y1?jobsource=jolist_c_relevance,"月薪 35,000~55,000元"
百分百寵物生活館_百分百寵物企業社,軟體設計工程師,http://www.104.com.tw/job/6puf1?jobsource=jolist_c_relevance,待遇面議 (經常性薪資達4萬元或以上) 
勁成有限公司,機電品管工程師-台北市士林區,http://www.104.com.tw/job/6ke4n?jobsource=jolist_c_relevance,"月薪 40,000~55,000元"
康翔科技股份有限公司,人壽業SA/SD(懂4GL程式）,http://www.104.com.tw/job/6iebz?jobsource=jolist_c_relevance,待遇面議 (經常性薪資達4萬元或以上) 
勁成有限公司,機電品管工程師-台北市文山區,http://www.104.com.tw/job/34978?jobsource=jolist_c_relevance,"月薪 40,000~55,000元"
龍進自動機械股份有限公司,資訊工程師,http://www.104.com.tw/job/6nq3x?jobsource=jolist_c_relevance,"月薪 38,000~44,000元"
高信工程股份有限公司,工務助理(台中),http://www.104.com.tw/job/5o7jx?jobsource=jolist_c_relevance,待遇面議 (經常性薪資達4萬元或以上) 
鴻海集團_英屬開曼群島商鴻騰精密科技股份有限公司台灣分公司,Software Engineer(ASP.NET/C#/JSP/Java),http://www.104.com.tw/job/6j74i?jobsource=jolist_c_relevance,待遇面議 (經常性薪資達4萬元或以上) 
正揚工程股份有限公司,工程監造人員(高雄市南星計畫區),http://www.104.com.tw/job/6ubhz?jobsource=2018indexpoc,"月薪 35,000元以上"
三維人股份有限公司,車聯網平台 - 後端工程師 Backend Engineer,http://www.104.com.tw/job/717c8?jobsource=2018indexpoc,"年薪 490,000~770,000元"
錦順營造股份有限公司,工地主任,http://www.104.com.tw/job/6y5az?jobsource=2018indexpoc,"月薪 50,000~60,000元"
寶碩財務科技股份有限公司,交易系統程式設計師(投資部),http://www.104.com.tw/job/6o76u?jobsource=2018indexpoc,待遇面議 (經常性薪資達4萬元或以上) 
政東水電工程有限公司,電機工程助理,http://www.104.com.tw/job/64pgv?jobsource=2018indexpoc,"月薪 28,800~45,000元"
納新實業股份有限公司,工程工務工程師,http://www.104.com.tw/job/5u7se?jobsource=2018indexpoc,"月薪 30,000~45,000元"
杰倫智能科技股份有限公司,資深網頁前端開發工程師(製造業 AI 雲端解決方案),http://www.104.com.tw/job/6hxnt?jobsource=2018indexpoc,"月薪 60,000~70,000元"
中柱工程股份有限公司,土木工程師,http://www.104.com.tw/job/39isw?jobsource=2018indexpoc,"月薪 30,000~45,000元"
漢宇開發建設股份有限公司,採發助理,http://www.104.com.tw/job/71jwa?jobsource=2018indexpoc,"月薪 28,000~36,000元"
旭天能源股份有限公司,智能維運系統程式設計工程師/資深工程師/副理,http://www.104.com.tw/job/6ediw?jobsource=2018indexpoc,待遇面議 (經常性薪資達4萬元或以上) 
二合一網路行銷股份有限公司,Java程式設計師,http://www.104.com.tw/job/3f7p4?jobsource=2018indexpoc,待遇面議 (經常性薪資達4萬元或以上) 
中柱工程股份有限公司,儀電工程師,http://www.104.com.tw/job/24ao6?jobsource=2018indexpoc,"月薪 30,000~45,000元"
陶林數值測量工程有限公司,軟體設計工程師,http://www.104.com.tw/job/3c1er?jobsource=2018indexpoc,"月薪 36,000~50,000元"
三民輔考集團_台北市私立三民商業短期補習班,【高雄區】ASP.Net 軟體工程師(C# ),http://www.104.com.tw/job/6u0qp?jobsource=2018indexpoc,"月薪 45,000~60,000元"
天鏡科技股份有限公司,資深 Golang 系統工程師,http://www.104.com.tw/job/6uwc2?jobsource=2018indexpoc,"年薪 1,000,000~1,600,000元"
支點雲端科技股份有限公司,【高雄區】ASP.Net 軟體工程師(C# ),http://www.104.com.tw/job/6ogwz?jobsource=2018indexpoc,"月薪 45,000~60,000元"
鼎大環能科技有限公司,繪圖工程師,http://www.104.com.tw/job/507h9?jobsource=2018indexpoc,"月薪 35,000~40,000元"
艾思維特股份有限公司,後端工程師,http://www.104.com.tw/job/6k95u?jobsource=2018indexpoc,"月薪 37,000~45,000元"
泰聯企業有限公司,(中區)商務/開發專案人員 ,http://www.104.com.tw/job/6ajmh?jobsource=2018indexpoc,"月薪 30,000~35,000元"
中柱工程股份有限公司,機械工程師,http://www.104.com.tw/job/2mp2j?jobsource=2018indexpoc,"月薪 30,000~45,000元"
鍵盛工程有限公司,機電工地主任(基隆),http://www.104.com.tw/job/6vk7j?jobsource=2018indexpoc,"月薪 50,000~70,000元"
德元營造股份有限公司,工務副理,http://www.104.com.tw/job/71f8h?jobsource=2018indexpoc,"月薪 36,000~46,000元"
AI Art 智光網_喜騰有限公司,【實習】Golang 後端工程師 實習生（高雄）,http://www.104.com.tw/job/6teqw?jobsource=2018indexpoc,時薪 160元
潔盟科技股份有限公司,無塵室裝修工程師,http://www.104.com.tw/job/4j3oh?jobsource=2018indexpoc,"月薪 26,000~50,000元"
冠杰企業有限公司,工務行政助理,http://www.104.com.tw/job/6wgmg?jobsource=2018indexpoc,"月薪 25,000~35,000元"
艾得基客行銷顧問股份有限公司,Java/Python/Go 大數據平台工程師,http://www.104.com.tw/job/6j2dn?jobsource=2018indexpoc,待遇面議 (經常性薪資達4萬元或以上) 
元貝實業股份有限公司,研發助理,http://www.104.com.tw/job/6ow51?jobsource=2018indexpoc,"月薪 27,000~32,000元"
安住營造股份有限公司,工地監工（汐止）,http://www.104.com.tw/job/6mz27?jobsource=2018indexpoc,"月薪 30,000~48,000元"
榮興工業股份有限公司,軟體工程師(ROSATI 台北),http://www.104.com.tw/job/6w2ub?jobsource=2018indexpoc,"月薪 40,000~50,000元"
百盈實業股份有限公司,MIS助理工程師【善化廠/新化廠】,http://www.104.com.tw/job/6kxvg?jobsource=2018indexpoc,"月薪 30,000~40,000元"
鈞陽系統整合有限公司,軟體設計助理工程師,http://www.104.com.tw/job/3rara?jobsource=2018indexpoc,"月薪 28,000~40,000元"
香港商華德高科有限公司台灣分公司,軟體工程師,http://www.104.com.tw/job/7141k?jobsource=2018indexpoc,待遇面議 (經常性薪資達4萬元或以上) 
創創數位科技股份有限公司,專案測試工讀／實習生,http://www.104.com.tw/job/6x73h?jobsource=2018indexpoc,時薪 160~165元
向中工業股份有限公司,程式設計專員,http://www.104.com.tw/job/2z094?jobsource=2018indexpoc,"月薪 30,000~35,000元"
隼征股份有限公司,.net C#軟體工程師,http://www.104.com.tw/job/6ln9w?jobsource=2018indexpoc,"月薪 35,000~65,000元"
德義資訊股份有限公司,系統及資料庫工程師,http://www.104.com.tw/job/3cutt?jobsource=2018indexpoc,待遇面議 (經常性薪資達4萬元或以上) 
瑞星管理顧問股份有限公司,【Trend Micro_趨勢科技】自動化病毒分析系統PM(Business Process Analyst),http://www.104.com.tw/job/70sad?jobsource=2018indexpoc,"月薪 50,000元以上"
思雲達科技有限公司,Go 開發工程師/Go developer,http://www.104.com.tw/job/71opm?jobsource=2018indexpoc,"月薪 65,000~80,000元"
三好米_億東企業股份有限公司,台北總公司-資訊主管,http://www.104.com.tw/job/5okao?jobsource=2018indexpoc,"月薪 50,000元以上"
葳騰科技股份有限公司,資深後端工程師（須具效能調校經驗）,http://www.104.com.tw/job/6ycz0?jobsource=2018indexpoc,"年薪 900,000~1,200,000元"
美桀科技股份有限公司,MIS資訊人員/ERP系統管理師,http://www.104.com.tw/job/6z830?jobsource=2018indexpoc,"月薪 31,800~42,000元"
台灣大車隊股份有限公司,主任工程師(資訊處-營運部),http://www.104.com.tw/job/71bdx?jobsource=2018indexpoc,待遇面議 (經常性薪資達4萬元或以上) 
新加坡商耐思人工智能有限公司台灣分公司,【DBA】MySQL DBA / 資料庫管理工程師,http://www.104.com.tw/job/6wwxa?jobsource=2018indexpoc,待遇面議 (經常性薪資達4萬元或以上) 
全虹企業股份有限公司,應用系統開發部 技術副理,http://www.104.com.tw/job/6x3wl?jobsource=2018indexpoc,待遇面議 (經常性薪資達4萬元或以上) 
瑞嘉軟體科技股份有限公司,【DBA】SQL Server DBA / 資料庫管理工程師,http://www.104.com.tw/job/6xt4l?jobsource=2018indexpoc,"月薪 55,000~142,000元"
雨林新零售股份有限公司,SAP ABAP Engineer,http://www.104.com.tw/job/6yr5t?jobsource=2018indexpoc,待遇面議 (經常性薪資達4萬元或以上) 
寶華國際人力顧問股份有限公司,!✅調薪✅年獎⭐️知名電信⭐️開發維運資訊工程師⭐️無經驗可(高雄市三民區)#W0(11),http://www.104.com.tw/job/4c779?jobsource=2018indexpoc,"月薪 35,000~45,000元"
創創數位科技股份有限公司,專案工程師,http://www.104.com.tw/job/6wmwk?jobsource=2018indexpoc,"月薪 26,000~35,000元"
生合生物科技股份有限公司,MIS人員,http://www.104.com.tw/job/71nk9?jobsource=2018indexpoc,待遇面議 (經常性薪資達4萬元或以上) 
瑞嘉軟體科技股份有限公司,【DBA】SQL Server Database Developer / 資料庫開發工程師,http://www.104.com.tw/job/49ko5?jobsource=2018indexpoc,"月薪 55,000~142,000元"
台灣美光(台灣美光晶圓科技股份有限公司/台灣美光記憶體股份有限公司/美商美光亞太科技股份有限公司台灣分公司),"Sr Software/Data Engineer, Smart MFG &amp; AI",http://www.104.com.tw/job/6sqm6?jobsource=2018indexpoc,待遇面議 (經常性薪資達4萬元或以上) 
玉山銀行_玉山商業銀行股份有限公司,玉山銀行-TMA計劃(科技儲備幹部),http://www.104.com.tw/job/602gp?jobsource=2018indexpoc,待遇面議 (經常性薪資達4萬元或以上) 
競國實業股份有限公司,程式設計師,http://www.104.com.tw/job/1vtno?jobsource=2018indexpoc,"月薪 27,000~39,000元"
上品房屋_上品國際不動產經紀有限公司,資料庫管理師,http://www.104.com.tw/job/6xtrm?jobsource=2018indexpoc,待遇面議 (經常性薪資達4萬元或以上) 
上品房屋_上品國際不動產經紀有限公司,資料庫程式設計,http://www.104.com.tw/job/6xtrn?jobsource=2018indexpoc,待遇面議 (經常性薪資達4萬元或以上) 
億力資訊股份有限公司,BI工程師(國際知名外商 台中/台北),http://www.104.com.tw/job/6jyt8?jobsource=2018indexpoc,待遇面議 (經常性薪資達4萬元或以上) 
型創科技顧問股份有限公司,軟體工程師,http://www.104.com.tw/job/5zors?jobsource=2018indexpoc,待遇面議 (經常性薪資達4萬元或以上) 
旭海國際科技股份有限公司,智能旅館之PHP工程師【福利佳，待遇優】,http://www.104.com.tw/job/6smj2?jobsource=2018indexpoc,"月薪 60,000~80,000元"
昌祐科技國際股份有限公司,資訊人員,http://www.104.com.tw/job/71h94?jobsource=2018indexpoc,待遇面議 (經常性薪資達4萬元或以上) 
誠品股份有限公司,【誠品】Data Engineer,http://www.104.com.tw/job/70vgd?jobsource=2018indexpoc,待遇面議 (經常性薪資達4萬元或以上) 
錦順營造股份有限公司,工地副主任,http://www.104.com.tw/job/6y8yz?jobsource=2018indexpoc,"月薪 40,000~50,000元"
郝創意有限公司,DBA,http://www.104.com.tw/job/6v914?jobsource=2018indexpoc,待遇面議 (經常性薪資達4萬元或以上) 
iCHEF_資廚管理顧問股份有限公司,後端工程師 Backend Engineer,http://www.104.com.tw/job/4zo91?jobsource=2018indexpoc,"月薪 60,000~90,000元"
群燁系統股份有限公司,專案工程師(上班地點:台南),http://www.104.com.tw/job/6yjke?jobsource=2018indexpoc,"月薪 30,000~40,000元"
百煇企業有限公司,二級電機工作: (名額3名),http://www.104.com.tw/job/6n6jr?jobsource=2018indexpoc,"月薪 50,000~60,000元"
永道營造有限公司,瀝青品管工程師,http://www.104.com.tw/job/70wts?jobsource=2018indexpoc,"月薪 30,000~36,000元"
非常勸敗VeryBuy_非常網路科技股份有限公司,Data Engineer,http://www.104.com.tw/job/71afs?jobsource=2018indexpoc,"年薪 700,000~1,200,000元"
中國醫藥大學附設醫院,10R0 大數據中心-大數據工程師/DBA工程師,http://www.104.com.tw/job/5dnio?jobsource=2018indexpoc,"月薪 36,000~40,000元"
碩誠國際股份有限公司,SQL 工程師,http://www.104.com.tw/job/6i40n?jobsource=2018indexpoc,待遇面議 (經常性薪資達4萬元或以上) 
宇清數位智慧股份有限公司,軟體工程師/資深軟體工程師,http://www.104.com.tw/job/6o3gp?jobsource=2018indexpoc,"月薪 40,000~100,000元"
美商先進資訊有限公司 Advanced Control Systems Inc.,專案工程師 (Project Engineer),http://www.104.com.tw/job/6c3ws?jobsource=2018indexpoc,"月薪 50,000~65,000元"
政志營造有限公司,公共工程品管工程師,http://www.104.com.tw/job/6n0gq?jobsource=2018indexpoc,"月薪 45,000~48,000元"
新堡科技股份有限公司,ASP.Net/C#專案工程師_流程組,http://www.104.com.tw/job/63pqy?jobsource=2018indexpoc,"月薪 35,000元以上"
能鉅科技有限公司,機器視覺工程師,http://www.104.com.tw/job/6635n?jobsource=2018indexpoc,"月薪 35,000~50,000元"
資策會_財團法人資訊工業策進會,【資安所】智慧雲端平台中心-資料分析師,http://www.104.com.tw/job/6z89s?jobsource=2018indexpoc,"月薪 40,000元以上"
英屬維京群島商嘉碼科技有限公司台灣分公司,"賭場管理系統伺服器工程師(C,C++)(一)",http://www.104.com.tw/job/2ymy6?jobsource=2018indexpoc,"月薪 35,000~50,000元"
日商清水營造工程股份有限公司台灣分公司,建築工程師,http://www.104.com.tw/job/4wsfb?jobsource=2018indexpoc,"月薪 35,000~65,000元"
網際威信股份有限公司,AI應用軟體開發工程師,http://www.104.com.tw/job/711tp?jobsource=2018indexpoc,"月薪 35,000元以上"
碩誠國際股份有限公司,JAVA engineer (年薪百萬/大型專案/新技術),http://www.104.com.tw/job/6i40b?jobsource=2018indexpoc,待遇面議 (經常性薪資達4萬元或以上) 
尊博科技股份有限公司,資料庫管理師(MySQL),http://www.104.com.tw/job/5cjwo?jobsource=2018indexpoc,"月薪 30,000~60,000元"
全球快遞_全球商務科技股份有限公司,科服處-程式設計師(SD人員),http://www.104.com.tw/job/6mbly?jobsource=2018indexpoc,待遇面議 (經常性薪資達4萬元或以上) 
日商清水營造工程股份有限公司台灣分公司,建築設備工程師,http://www.104.com.tw/job/6ydpx?jobsource=2018indexpoc,"月薪 35,000~65,000元"
台灣美光(台灣美光晶圓科技股份有限公司/台灣美光記憶體股份有限公司/美商美光亞太科技股份有限公司台灣分公司),DATA SCIENCE ENGINEER - SMART MFG &amp; AI 資料科學家(台中),http://www.104.com.tw/job/6vvhe?jobsource=2018indexpoc,待遇面議 (經常性薪資達4萬元或以上) 
思雲達科技有限公司,資深Go 開發工程師/Senior Go developer,http://www.104.com.tw/job/6zhf8?jobsource=2018indexpoc,"月薪 75,000~90,000元"
幸福廣播事業股份有限公司,資通工程師,http://www.104.com.tw/job/6pfkj?jobsource=2018indexpoc,"月薪 30,000元以上"
日商清水營造工程股份有限公司台灣分公司,營造工程師,http://www.104.com.tw/job/6szw5?jobsource=2018indexpoc,待遇面議 (經常性薪資達4萬元或以上) 
弈樂科技股份有限公司,資料庫管理師(MySQL),http://www.104.com.tw/job/6j4su?jobsource=2018indexpoc,"月薪 32,000~60,000元"
日商清水營造工程股份有限公司台灣分公司,建築品管工程師,http://www.104.com.tw/job/7148d?jobsource=2018indexpoc,"月薪 35,000~65,000元"
為升電裝工業股份有限公司,[資訊部] 程式設計高級工程師/工程師,http://www.104.com.tw/job/6ggq3?jobsource=2018indexpoc,待遇面議 (經常性薪資達4萬元或以上) 
睿加科技股份有限公司,網頁後端工程師,http://www.104.com.tw/job/6vp1i?jobsource=2018indexpoc,"月薪 40,000~60,000元"
立合土木結構工程技師事務所,監造工程師,http://www.104.com.tw/job/6e80t?jobsource=2018indexpoc,"月薪 27,000~50,000元"
華友聯市地重劃股份有限公司,工務主管(高雄),http://www.104.com.tw/job/70olm?jobsource=2018indexpoc,待遇面議 (經常性薪資達4萬元或以上) 
新竹縣美國學校,資訊人員 IT Coordinator,http://www.104.com.tw/job/5y0sa?jobsource=2018indexpoc,待遇面議 (經常性薪資達4萬元或以上) 
好事九九互聯網有限公司(籌備處),網路商城後台維護人員,http://www.104.com.tw/job/71q37?jobsource=2018indexpoc,待遇面議 (經常性薪資達4萬元或以上) 
奇鼎科技股份有限公司,資訊工程師,http://www.104.com.tw/job/6p5va?jobsource=2018indexpoc,待遇面議 (經常性薪資達4萬元或以上) 
普匯金融科技股份有限公司,PHP 後端程式設計師,http://www.104.com.tw/job/682xq?jobsource=2018indexpoc,"月薪 40,000~100,000元"
好好投資科技股份有限公司,Backend Engineer(需熟Python、RESTful API ),http://www.104.com.tw/job/5572i?jobsource=2018indexpoc,待遇面議 (經常性薪資達4萬元或以上) 
香港商俊思海外有限公司台灣分公司,Data Analyst (Lane Crawford Joyce Group),http://www.104.com.tw/job/70v00?jobsource=2018indexpoc,待遇面議 (經常性薪資達4萬元或以上) 
鄉林建設事業股份有限公司,資訊工程師,http://www.104.com.tw/job/6zzyj?jobsource=2018indexpoc,待遇面議 (經常性薪資達4萬元或以上) 
富邦金融控股股份有限公司,數據應用工程師,http://www.104.com.tw/job/6luzo?jobsource=2018indexpoc,待遇面議 (經常性薪資達4萬元或以上) 
遠易通科技股份有限公司,Linux 軟體開發/維護工程師,http://www.104.com.tw/job/2r8wj?jobsource=2018indexpoc,"月薪 32,000~55,000元"
拉菲爾股份有限公司,JAVA軟體設計工程師,http://www.104.com.tw/job/6yj1f?jobsource=2018indexpoc,"月薪 35,000~45,000元"
優橋貿易股份有限公司,系統開發軟體工程師（Java PHP HTML）,http://www.104.com.tw/job/6hfxn?jobsource=2018indexpoc,"月薪 42,000元以上"
國家表演藝術中心國家兩廳院,資訊組專員,http://www.104.com.tw/job/6ht60?jobsource=2018indexpoc,"月薪 30,000~45,000元"
穩衛企業股份有限公司,MIS電腦工程師,http://www.104.com.tw/job/718iv?jobsource=2018indexpoc,"月薪 28,000~32,000元"
大慶證券股份有限公司_總管理處,數據分析（工程）師,http://www.104.com.tw/job/7138o?jobsource=2018indexpoc,待遇面議 (經常性薪資達4萬元或以上) 
耀瑄科技股份有限公司,系統開發工程師,http://www.104.com.tw/job/6zfpx?jobsource=2018indexpoc,"月薪 28,000元"
磐弈有限公司,Web 前端工程師,http://www.104.com.tw/job/6yhy1?jobsource=2018indexpoc,"月薪 30,000~40,000元"
程鴻營造股份有限公司,現場工程師,http://www.104.com.tw/job/615xi?jobsource=2018indexpoc,"月薪 28,000~35,000元"
財團法人塑膠工業技術發展中心,程式設計師B4,http://www.104.com.tw/job/6zhdx?jobsource=2018indexpoc,待遇面議 (經常性薪資達4萬元或以上) 
凱格大巨蛋運動股份有限公司,資訊工務(彰南),http://www.104.com.tw/job/6q5ha?jobsource=2018indexpoc,"月薪 28,000~32,000元"
吳旗清建築師事務所,監造工程師(北部),http://www.104.com.tw/job/6k4oj?jobsource=2018indexpoc,待遇面議 (經常性薪資達4萬元或以上) 
雲端達人科技股份有限公司,程式設計師,http://www.104.com.tw/job/715hu?jobsource=2018indexpoc,待遇面議 (經常性薪資達4萬元或以上) 
Allion_百佳泰股份有限公司,系統工程師(台北總公司),http://www.104.com.tw/job/5pfx5?jobsource=2018indexpoc,"月薪 35,000~50,000元"
財團法人商業發展研究院,MIS資訊工程師-資訊室,http://www.104.com.tw/job/4qdah?jobsource=2018indexpoc,待遇面議 (經常性薪資達4萬元或以上) 
冠佑營造股份有限公司,工地主任,http://www.104.com.tw/job/65qmo?jobsource=2018indexpoc,待遇面議 (經常性薪資達4萬元或以上) 
慧邦科技股份有限公司,後端工程師,http://www.104.com.tw/job/6rb57?jobsource=2018indexpoc,待遇面議 (經常性薪資達4萬元或以上) 
柏昇企業股份有限公司,雲端系統工程師,http://www.104.com.tw/job/64f45?jobsource=2018indexpoc,待遇面議 (經常性薪資達4萬元或以上) 
新據點廣告事業股份有限公司,PHP後端工程師（團隊擴編）,http://www.104.com.tw/job/5u9yy?jobsource=2018indexpoc,"月薪 50,000~85,000元"
慧邦科技股份有限公司,遊戲數據工程師,http://www.104.com.tw/job/6u7bu?jobsource=2018indexpoc,待遇面議 (經常性薪資達4萬元或以上) 
磐弈有限公司,Web 資深前端工程師,http://www.104.com.tw/job/6yhxx?jobsource=2018indexpoc,"月薪 40,000~80,000元"
香港商福維克樂智有限公司台灣分公司,資訊系統分析師,http://www.104.com.tw/job/6u1ov?jobsource=2018indexpoc,待遇面議 (經常性薪資達4萬元或以上) 
忠欣股份有限公司,資深系統工程師,http://www.104.com.tw/job/6ysm5?jobsource=2018indexpoc,"月薪 40,000元以上"
中華麟股份有限公司,PHP工程師,http://www.104.com.tw/job/6fgd0?jobsource=2018indexpoc,"月薪 40,000~60,000元"
瑩碩生技醫藥股份有限公司,資深系統工程師,http://www.104.com.tw/job/6zgue?jobsource=2018indexpoc,待遇面議 (經常性薪資達4萬元或以上) 
台灣資料科學股份有限公司,數據工程師,http://www.104.com.tw/job/6mnfq?jobsource=2018indexpoc,"月薪 38,000~88,000元"
思訊電腦有限公司,系統工程師,http://www.104.com.tw/job/4tfft?jobsource=2018indexpoc,"月薪 35,000~50,000元"
昱勝資訊股份有限公司,測試專員,http://www.104.com.tw/job/71nyz?jobsource=2018indexpoc,待遇面議 (經常性薪資達4萬元或以上) 
艾絲資訊股份有限公司,艾絲資訊 PHP 系統開發工程師,http://www.104.com.tw/job/4ua1d?jobsource=2018indexpoc,"月薪 40,000~60,000元"
永豐商業銀行股份有限公司,數據應用部-數據分析應用人員,http://www.104.com.tw/job/6wnct?jobsource=2018indexpoc,待遇面議 (經常性薪資達4萬元或以上) 
台灣樂天市場股份有限公司,【日商樂天】Data Analyst(DEV),http://www.104.com.tw/job/6z1jb?jobsource=2018indexpoc,待遇面議 (經常性薪資達4萬元或以上) 
英華達股份有限公司,(IT) ERP工程師,http://www.104.com.tw/job/6j9v5?jobsource=2018indexpoc,"月薪 35,000~55,000元"
成綸企業股份有限公司,資訊人員,http://www.104.com.tw/job/70h99?jobsource=2018indexpoc,"月薪 25,000~30,000元"
台泥企業團_臺泥資訊股份有限公司,網管工程師,http://www.104.com.tw/job/5ktmz?jobsource=2018indexpoc,待遇面議 (經常性薪資達4萬元或以上) 
伊諾科技有限公司,資料庫管理師(Database Administrator),http://www.104.com.tw/job/6oenz?jobsource=2018indexpoc,待遇面議 (經常性薪資達4萬元或以上) 
CTWANT_王道旺台媒體股份有限公司, 助理工程師/系統工程師,http://www.104.com.tw/job/70w3f?jobsource=2018indexpoc,"月薪 30,000~40,000元"
盛達電業股份有限公司,雲端網聯軟體工程師 (新竹),http://www.104.com.tw/job/71m50?jobsource=2018indexpoc,待遇面議 (經常性薪資達4萬元或以上) 
新世紀光電股份有限公司,MES資訊工程師,http://www.104.com.tw/job/7106t?jobsource=2018indexpoc,"月薪 32,000~60,000元"
博暉科技股份有限公司,資產管理系統開發人才C#(AM),http://www.104.com.tw/job/5hw6w?jobsource=2018indexpoc,"月薪 33,000~60,000元"
汎亞人力資源管理顧問有限公司,【台北/大安】MIS資訊工程師(薪資40K~50K、表現良好三個月後轉正)-21,http://www.104.com.tw/job/70757?jobsource=2018indexpoc,待遇面議 (經常性薪資達4萬元或以上) 
今展科技股份有限公司,ERP資訊工程師(鼎新TIPTOP系統),http://www.104.com.tw/job/6uvar?jobsource=2018indexpoc,待遇面議 (經常性薪資達4萬元或以上) 
瑞軒科技股份有限公司,Infra工程師/資訊專員,http://www.104.com.tw/job/6zpho?jobsource=2018indexpoc,待遇面議 (經常性薪資達4萬元或以上) 
財團法人中央通訊社,資訊系統維運人員,http://www.104.com.tw/job/70jw2?jobsource=2018indexpoc,"月薪 37,000元以上"
STARWIN TRADING L.L.C,((想來杜拜瞧過來))強力招募雲端運維工程師工程師,http://www.104.com.tw/job/6zuc3?jobsource=2018indexpoc,"月薪 80,000~120,000元"
上銀科技股份有限公司,品保理級主管,http://www.104.com.tw/job/3s2de?jobsource=2018indexpoc,待遇面議 (經常性薪資達4萬元或以上) 
台泥企業團_臺泥資訊股份有限公司,系統工程師(台南),http://www.104.com.tw/job/70z3e?jobsource=2018indexpoc,待遇面議 (經常性薪資達4萬元或以上) 
台灣現觀股份有限公司,Big Data Engineer,http://www.104.com.tw/job/6qf7v?jobsource=2018indexpoc,待遇面議 (經常性薪資達4萬元或以上) 
香港商俊思海外有限公司台灣分公司,Data Engineer (Lane Crawford Joyce Group),http://www.104.com.tw/job/70v0q?jobsource=2018indexpoc,待遇面議 (經常性薪資達4萬元或以上) 
訊達電腦股份有限公司,急徵~高級網路工程師(外商銀IT駐廠英語中等以上),http://www.104.com.tw/job/6wdgd?jobsource=2018indexpoc,"月薪 70,000元以上"
愛料理_寶利拾股份有限公司,iOS 工程師,http://www.104.com.tw/job/5ofyh?jobsource=2018indexpoc,待遇面議 (經常性薪資達4萬元或以上) 
麗嬰國際股份有限公司,MIS工程師,http://www.104.com.tw/job/719st?jobsource=jolist_c_relevance,"月薪 30,000~40,000元"
億力資訊股份有限公司,ETL工程師,http://www.104.com.tw/job/5ywx5?jobsource=jolist_c_relevance,待遇面議 (經常性薪資達4萬元或以上) 
台灣安麗莎醫療器材科技股份有限公司,雲端工程師,http://www.104.com.tw/job/6zhht?jobsource=jolist_c_relevance,待遇面議 (經常性薪資達4萬元或以上) 
支點雲端科技股份有限公司,【台北區】ASP.Net 軟體工程師(C# ),http://www.104.com.tw/job/67pom?jobsource=jolist_c_relevance,"月薪 45,000~60,000元"
德利國際遊戲供應有限公司,歡迎加入我們行列-程式設計-無經驗可,http://www.104.com.tw/job/70s8r?jobsource=jolist_c_relevance,"月薪 30,000~35,000元"
尊博科技股份有限公司,軟體工程師(Unity3D),http://www.104.com.tw/job/3uw2o?jobsource=jolist_c_relevance,"月薪 32,000~60,000元"
鋐泰汽車零件股份有限公司,MIS專員/INTERNET程式設計專員,http://www.104.com.tw/job/67p92?jobsource=jolist_c_relevance,待遇面議 (經常性薪資達4萬元或以上) 
興勤電子工業股份有限公司,MES系統維護工程師,http://www.104.com.tw/job/6xbf4?jobsource=jolist_c_relevance,待遇面議 (經常性薪資達4萬元或以上) 
瑩碩生技醫藥股份有限公司,系統工程師,http://www.104.com.tw/job/7078b?jobsource=jolist_c_relevance,"月薪 30,000~40,000元"
三和技研股份有限公司,網路資深工程師,http://www.104.com.tw/job/6yhsd?jobsource=jolist_c_relevance,待遇面議 (經常性薪資達4萬元或以上) 
瑞儀光電股份有限公司,14G009 AI人工智慧工程師,http://www.104.com.tw/job/6lp8d?jobsource=jolist_c_relevance,待遇面議 (經常性薪資達4萬元或以上) 
遠雄建設事業股份有限公司,【建設】資訊企劃室- 企業資訊基礎架構師,http://www.104.com.tw/job/67zfd?jobsource=jolist_c_relevance,待遇面議 (經常性薪資達4萬元或以上) 
競泰股份有限公司,SAP 系統工程師,http://www.104.com.tw/job/6zjb5?jobsource=jolist_c_relevance,待遇面議 (經常性薪資達4萬元或以上) 
佳勝科技股份有限公司,資訊工程師,http://www.104.com.tw/job/6igy5?jobsource=jolist_c_relevance,待遇面議 (經常性薪資達4萬元或以上) 
旺淶科技有限公司,Golang 高級後端工程師 Senior Golang Backend Engineer,http://www.104.com.tw/job/690tn?jobsource=jolist_c_relevance,待遇面議 (經常性薪資達4萬元或以上) 
哇寶國際資訊股份有限公司,系統工程師,http://www.104.com.tw/job/3jhz9?jobsource=jolist_c_relevance,"月薪 35,000~48,000元"
山淬有限公司,電子商務 資訊實習生 D01,http://www.104.com.tw/job/6vci0?jobsource=jolist_c_relevance,"月薪 23,800~25,000元"
勤億蛋品科技股份有限公司,【勤億蛋品】總管理處-資訊部MIS儲備主管,http://www.104.com.tw/job/5d7wp?jobsource=jolist_c_relevance,待遇面議 (經常性薪資達4萬元或以上) 
台灣美光(台灣美光晶圓科技股份有限公司/台灣美光記憶體股份有限公司/美商美光亞太科技股份有限公司台灣分公司),【桃園市龜山區】Metrology Application IT Engineer (歡迎社會新鮮人/應屆畢業生),http://www.104.com.tw/job/6zqg2?jobsource=jolist_c_relevance,待遇面議 (經常性薪資達4萬元或以上) 
新必優資訊股份有限公司,系統分析師 - 台北市區內,http://www.104.com.tw/job/6zfn9?jobsource=jolist_c_relevance,待遇面議 (經常性薪資達4萬元或以上) 
芳草地科技有限公司,維運工程師－晚班,http://www.104.com.tw/job/6wxlb?jobsource=jolist_c_relevance,"月薪 30,000~40,000元"
橋椿金屬股份有限公司,MIS系統工程師,http://www.104.com.tw/job/4ry2k?jobsource=jolist_c_relevance,"月薪 32,000~50,000元"
台灣大車隊股份有限公司,主任工程師(資訊處-營運部),http://www.104.com.tw/job/71bdx?jobsource=jolist_c_relevance,待遇面議 (經常性薪資達4萬元或以上) 
台灣大哥大股份有限公司,E141 科技服務维運工程師,http://www.104.com.tw/job/712t4?jobsource=jolist_c_relevance,"月薪 31,000~53,000元"
南良集團_阜奕管理顧問股份有限公司,PHP軟體工程師(真愛大健康電商平台),http://www.104.com.tw/job/6vn3r?jobsource=jolist_c_relevance,"月薪 40,000元以上"
香港商台灣偉門智威有限公司台灣分公司,前端工程師 Front-End Engineer,http://www.104.com.tw/job/6l4z9?jobsource=jolist_c_relevance,待遇面議 (經常性薪資達4萬元或以上) 
財團法人台灣產業服務基金會,資訊工程師,http://www.104.com.tw/job/6ecvx?jobsource=jolist_c_relevance,待遇面議 (經常性薪資達4萬元或以上) 
日健機構_日健建設股份有限公司,機電工程師,http://www.104.com.tw/job/6uff7?jobsource=jolist_c_relevance,"月薪 35,000~40,000元"
辰昇網路科技有限公司,資料庫管理師(DBA),http://www.104.com.tw/job/6cgio?jobsource=jolist_c_relevance,待遇面議 (經常性薪資達4萬元或以上) 
威旭水利技師事務所,監造工程師,http://www.104.com.tw/job/6ux3g?jobsource=jolist_c_relevance,"月薪 32,000~48,000元"
通和行銷有限公司,php程式設計師,http://www.104.com.tw/job/6y8t8?jobsource=2018indexpoc,"月薪 30,000~40,000元"
華薪資訊有限公司,軟體工程師,http://www.104.com.tw/job/ui8v?jobsource=2018indexpoc,"年薪 400,000元以上"
台灣大哥大股份有限公司,I98 資訊庫系統管理工程師,http://www.104.com.tw/job/6wwhi?jobsource=2018indexpoc,"月薪 31,000~53,000元"
高登智慧科技股份有限公司,雲端架構與MIS工程師,http://www.104.com.tw/job/6jhp9?jobsource=2018indexpoc,待遇面議 (經常性薪資達4萬元或以上) 
汎卓科技股份有限公司,.net MVC 程式設計師,http://www.104.com.tw/job/4yk82?jobsource=2018indexpoc,"月薪 40,000元以上"
博暉科技股份有限公司,資產管理系統維護工程師(AM),http://www.104.com.tw/job/6hyi2?jobsource=2018indexpoc,"月薪 33,000~60,000元"
國際連股份有限公司,資料庫管理師(DBA),http://www.104.com.tw/job/6e2ds?jobsource=2018indexpoc,待遇面議 (經常性薪資達4萬元或以上) 
台灣表面黏著科技股份有限公司,(1)(夜班)系統工程師,http://www.104.com.tw/job/6u4uv?jobsource=2018indexpoc,"月薪 28,000~35,000元"
口袋移動科技股份有限公司,軟軔體工程師-Embedded Linux,http://www.104.com.tw/job/2wl8t?jobsource=2018indexpoc,待遇面議 (經常性薪資達4萬元或以上) 
東京都物業管理機構_東京都保全股份有限公司,【監控人員】-新北市板橋區(辦公大樓)-眾鼎工程,http://www.104.com.tw/job/4ouej?jobsource=2018indexpoc,待遇面議 (經常性薪資達4萬元或以上) 
台灣大哥大股份有限公司,E124 雲端產品服務運維工程師,http://www.104.com.tw/job/6drai?jobsource=2018indexpoc,"月薪 31,000~53,000元"
樓易健康科技股份有限公司,技術經理 (IT),http://www.104.com.tw/job/6tsq3?jobsource=2018indexpoc,"月薪 50,000~80,000元"
凡事康流體科技股份有限公司,資訊工程師,http://www.104.com.tw/job/71hb4?jobsource=2018indexpoc,"月薪 30,000~40,000元"
虎山實業股份有限公司,【IT 資訊助理】資訊部,http://www.104.com.tw/job/6y70j?jobsource=2018indexpoc,"月薪 30,000元以上"
台北國際聯合建築師事務所,建築品管監造工程師(桃園市),http://www.104.com.tw/job/6jdhq?jobsource=2018indexpoc,待遇面議 (經常性薪資達4萬元或以上) 
智崴資訊科技股份有限公司,.NET軟體開發工程師,http://www.104.com.tw/job/4ll4o?jobsource=2018indexpoc,"月薪 33,000~53,000元"
先鋒機械股份有限公司,全端工程師,http://www.104.com.tw/job/6wk85?jobsource=2018indexpoc,"月薪 45,000~65,000元"
泰瑩科技股份有限公司,系統工程師,http://www.104.com.tw/job/3sl2u?jobsource=2018indexpoc,"月薪 30,000~45,000元"
浪Live_旭瑞文化傳媒股份有限公司,Senior Data Engineer,http://www.104.com.tw/job/6vufz?jobsource=2018indexpoc,待遇面議 (經常性薪資達4萬元或以上) 
印度商威普羅股份有限公司台灣分公司,Carrier Certification Engineer,http://www.104.com.tw/job/7145j?jobsource=2018indexpoc,待遇面議 (經常性薪資達4萬元或以上) 
聯寶電子股份有限公司,(總管理處-資訊部)資訊專員,http://www.104.com.tw/job/6x8e7?jobsource=2018indexpoc,待遇面議 (經常性薪資達4萬元或以上) 
Pintoo_優利瑪資訊有限公司,MIS程式設計師,http://www.104.com.tw/job/6p5oz?jobsource=2018indexpoc,"月薪 38,000~45,000元"
英華達股份有限公司,(IT) PLM工程師,http://www.104.com.tw/job/6n526?jobsource=2018indexpoc,"月薪 35,000~55,000元"
弈樂科技股份有限公司,軟體工程師(Unity3D),http://www.104.com.tw/job/6j4th?jobsource=2018indexpoc,"月薪 32,000~60,000元"
煙波大飯店股份有限公司,數據發展部 數據分析師,http://www.104.com.tw/job/6y2oy?jobsource=2018indexpoc,待遇面議 (經常性薪資達4萬元或以上) 
展宇科技材料股份有限公司,資訊人員,http://www.104.com.tw/job/6zy7e?jobsource=2018indexpoc,"月薪 30,000~35,000元"
寶島光學科技股份有限公司,寶島眼鏡(總公司)-【資訊室】程式設計人員,http://www.104.com.tw/job/3zrvg?jobsource=2018indexpoc,待遇面議 (經常性薪資達4萬元或以上) 
德林資訊電子股份有限公司,SMT程式製作工程師,http://www.104.com.tw/job/6anqv?jobsource=2018indexpoc,"月薪 32,000~40,000元"
永傳能源股份有限公司,風場數據分析師 Wind Farm Data Analyst,http://www.104.com.tw/job/66cvl?jobsource=2018indexpoc,待遇面議 (經常性薪資達4萬元或以上) 
寶鴻開發股份有限公司,工地主任 (台北市/新北市),http://www.104.com.tw/job/5elwu?jobsource=2018indexpoc,"月薪 65,000~75,000元"
和碩集團_和碩聯合科技股份有限公司,Project Manager_9569,http://www.104.com.tw/job/719ke?jobsource=2018indexpoc,"月薪 30,000~50,000元"
寶晶能源股份有限公司,屏東-太陽能系統土木工程師,http://www.104.com.tw/job/6u2iq?jobsource=2018indexpoc,"月薪 40,000~55,000元"
天星管理顧問股份有限公司,資訊工程師,http://www.104.com.tw/job/4o5rz?jobsource=2018indexpoc,"月薪 40,000~80,000元"
捷倉自動化股份有限公司,WMS系統軟體工程師-高雄,http://www.104.com.tw/job/6zg1l?jobsource=2018indexpoc,"月薪 30,000~60,000元"
台灣西鐵國際物流股份有限公司,IT工程師(台北),http://www.104.com.tw/job/6rxyq?jobsource=2018indexpoc,"月薪 35,000~40,000元"
玉山銀行_玉山商業銀行股份有限公司,玉山銀行-TMA計劃(科技儲備幹部),http://www.104.com.tw/job/602gp?jobsource=2018indexpoc,待遇面議 (經常性薪資達4萬元或以上) 
港洲營造股份有限公司,品管工程師(桃園地區),http://www.104.com.tw/job/6wphr?jobsource=2018indexpoc,"月薪 26,000~59,000元"
香港商俊思海外有限公司台灣分公司,Data Scientist (Lane Crawford Joyce Group),http://www.104.com.tw/job/70v1h?jobsource=2018indexpoc,待遇面議 (經常性薪資達4萬元或以上) 
凡谷興業有限公司,數據系統分析師,http://www.104.com.tw/job/6xvre?jobsource=2018indexpoc,"月薪 32,000~60,000元"
仁大資訊股份有限公司,系統維運與測試工程師/北市-大安,http://www.104.com.tw/job/6z5yw?jobsource=2018indexpoc,"月薪 30,000~43,000元"
大銀微系統股份有限公司_HIWIN MIKROSYSTEM,資訊類_網頁程式設計師,http://www.104.com.tw/job/3ugvj?jobsource=2018indexpoc,待遇面議 (經常性薪資達4萬元或以上) 
康訊科技股份有限公司,軟體營運工程師,http://www.104.com.tw/job/6tfeu?jobsource=2018indexpoc,待遇面議 (經常性薪資達4萬元或以上) 
陽明海運股份有限公司,資訊人員-硬體,http://www.104.com.tw/job/20z4l?jobsource=2018indexpoc,"月薪 38,000~70,000元"
薩摩亞商鳳之梧數位科技有限公司台灣分公司,DBA資料庫分析師,http://www.104.com.tw/job/6yutz?jobsource=2018indexpoc,待遇面議 (經常性薪資達4萬元或以上) 
大億金茂股份有限公司,ERP儲備幹部(安平廠),http://www.104.com.tw/job/633nv?jobsource=2018indexpoc,"月薪 40,000元以上"
廣達電腦股份有限公司,雲端基礎架構整合管理系統-後端工程師/專員 - J1895,http://www.104.com.tw/job/6wxq5?jobsource=2018indexpoc,"月薪 34,000元以上"
全日物流股份有限公司,系統維護工程師,http://www.104.com.tw/job/6kztn?jobsource=2018indexpoc,待遇面議 (經常性薪資達4萬元或以上) 
創昇資訊有限公司,系統工程師,http://www.104.com.tw/job/6xnyq?jobsource=2018indexpoc,待遇面議 (經常性薪資達4萬元或以上) 
朱宗慶打擊樂團隊_傑優文化事業股份有限公司,程式設計工程師,http://www.104.com.tw/job/6mfut?jobsource=2018indexpoc,"月薪 32,000~55,000元"
禾企電子股份有限公司,MIS / 網管工程師,http://www.104.com.tw/job/5nd0u?jobsource=2018indexpoc,待遇面議 (經常性薪資達4萬元或以上) 
芙奕達科技有限公司,Unix/Linux 企業主機 維護工程師(新竹),http://www.104.com.tw/job/6z8oa?jobsource=2018indexpoc,"月薪 35,000~45,000元"
鋐昇實業股份有限公司,系統整合工程師(資訊部),http://www.104.com.tw/job/70qn8?jobsource=2018indexpoc,待遇面議 (經常性薪資達4萬元或以上) 
公勝保險經紀人股份有限公司,資訊部 設備網路科 科主管,http://www.104.com.tw/job/6xkco?jobsource=2018indexpoc,"月薪 36,000~50,000元"
優聘資訊科技有限公司,【內部徵才】分析工程師_Analysis Engineer,http://www.104.com.tw/job/6t3zi?jobsource=2018indexpoc,"月薪 30,000~60,000元"
亞游資訊科技有限公司,DBA台北工程師(數據庫管理員),http://www.104.com.tw/job/6tkr1?jobsource=2018indexpoc,"月薪 50,000~200,000元"
全球快遞_全球商務科技股份有限公司,科服處-後端資深工程師,http://www.104.com.tw/job/5kyje?jobsource=2018indexpoc,待遇面議 (經常性薪資達4萬元或以上) 
代碼科技有限公司,資深DEVOPS工程師,http://www.104.com.tw/job/6y7b1?jobsource=2018indexpoc,待遇面議 (經常性薪資達4萬元或以上) 
葳騰科技股份有限公司,後端工程師,http://www.104.com.tw/job/5cxtg?jobsource=2018indexpoc,"年薪 600,000~1,200,000元"
創昇資訊有限公司,資料庫管理師,http://www.104.com.tw/job/6xfet?jobsource=2018indexpoc,待遇面議 (經常性薪資達4萬元或以上) 
KENDA建大輪胎_建大工業股份有限公司,【總公司】ERP程式設計人員,http://www.104.com.tw/job/44bnn?jobsource=2018indexpoc,"月薪 30,000~45,000元"
廣運機械工程股份有限公司,(1)資訊部-ERP工程師,http://www.104.com.tw/job/6pbq6?jobsource=2018indexpoc,"月薪 30,000~42,000元"
五騰股份有限公司,MIS人員,http://www.104.com.tw/job/708aa?jobsource=2018indexpoc,待遇面議 (經常性薪資達4萬元或以上) 
ishowlife愛秀生活_創意點子數位股份有限公司,PHP軟體研發工程師,http://www.104.com.tw/job/6bgur?jobsource=2018indexpoc,待遇面議 (經常性薪資達4萬元或以上) 
捷鵬國際股份有限公司,Delphi工程師,http://www.104.com.tw/job/5txz6?jobsource=2018indexpoc,待遇面議 (經常性薪資達4萬元或以上) 
安聯人壽保險股份有限公司(總公司),"資訊部-Oracle Form, PL/SQL Developer",http://www.104.com.tw/job/6yo3e?jobsource=2018indexpoc,待遇面議 (經常性薪資達4萬元或以上) 
萬寶華企業管理顧問股份有限公司,派遣至LINE-Data Engineer 數據工程師 [115-83],http://www.104.com.tw/job/703gl?jobsource=2018indexpoc,待遇面議 (經常性薪資達4萬元或以上) 
張從仁建築師事務所,監造工程師,http://www.104.com.tw/job/5hbsa?jobsource=2018indexpoc,待遇面議 (經常性薪資達4萬元或以上) 
嘉寶自然工業股份有限公司,MIS工程師,http://www.104.com.tw/job/70o0g?jobsource=2018indexpoc,"月薪 32,000~42,000元"
財團法人臺灣海洋保育與漁業永續基金會,資訊工程師,http://www.104.com.tw/job/71dik?jobsource=2018indexpoc,"月薪 44,000~55,000元"
百容電子股份有限公司,程式設計助理工程師-總廠,http://www.104.com.tw/job/6l5xz?jobsource=2018indexpoc,"月薪 25,000~35,000元"
瑞智精密股份有限公司,資訊專員,http://www.104.com.tw/job/70itk?jobsource=2018indexpoc,"月薪 35,000~45,000元"
誠匯資訊服務有限公司,MIS工程師,http://www.104.com.tw/job/71rb8?jobsource=2018indexpoc,待遇面議 (經常性薪資達4萬元或以上) 
Amazon Web Services Taiwan Limited_台灣亞馬遜網路服務有限公司,Cloud Support Engineer – Analytics,http://www.104.com.tw/job/6zxbg?jobsource=2018indexpoc,待遇面議 (經常性薪資達4萬元或以上) 
國泰證券投資信託股份有限公司,資訊科技部-DBA資料庫管理師,http://www.104.com.tw/job/6y20y?jobsource=2018indexpoc,待遇面議 (經常性薪資達4萬元或以上) 
台灣表面黏著科技股份有限公司,(1)MES工程師,http://www.104.com.tw/job/6ga3k?jobsource=2018indexpoc,待遇面議 (經常性薪資達4萬元或以上) 
長安體系連鎖社區醫院_長安醫院,資訊室-軟體工程師,http://www.104.com.tw/job/6faee?jobsource=2018indexpoc,待遇面議 (經常性薪資達4萬元或以上) 
科風股份有限公司,SAP FI/CO模組系統工程師,http://www.104.com.tw/job/4x8ox?jobsource=2018indexpoc,"月薪 28,000~38,000元"
財團法人自行車暨健康科技工業研究發展中心,資訊工程師,http://www.104.com.tw/job/4shxu?jobsource=2018indexpoc,"月薪 35,000~42,000元"
91APP_九易宇軒股份有限公司,DBA 資料庫管理師,http://www.104.com.tw/job/6o8f1?jobsource=2018indexpoc,待遇面議 (經常性薪資達4萬元或以上) 
華兆建築師事務所,土建監造工程師-雲林地區,http://www.104.com.tw/job/5y9y6?jobsource=2018indexpoc,待遇面議 (經常性薪資達4萬元或以上) 
義大皇家酒店股份有限公司,【資訊部】資訊專員,http://www.104.com.tw/job/6rtop?jobsource=2018indexpoc,"月薪 28,000~35,000元"
韋僑科技股份有限公司,MIS組長,http://www.104.com.tw/job/706ik?jobsource=2018indexpoc,待遇面議 (經常性薪資達4萬元或以上) 
"(越南)通用製鞋工業有限公司_GENERAL SHOES CO.,LTD",程式設計師,http://www.104.com.tw/job/6me61?jobsource=2018indexpoc,待遇面議 (經常性薪資達4萬元或以上) 
膂盟資訊開發股份有限公司,飯店訂房系統開發工程師(Hotel room booking systems development engineer),http://www.104.com.tw/job/5bboa?jobsource=2018indexpoc,"月薪 45,000~70,000元"
宏樸建設有限公司,工地主任,http://www.104.com.tw/job/71dca?jobsource=2018indexpoc,待遇面議 (經常性薪資達4萬元或以上) 
睿士科技股份有限公司,網管工程師,http://www.104.com.tw/job/6sn4h?jobsource=2018indexpoc,"月薪 28,000~35,000元"
鈞陽系統整合有限公司,軟體設計助理工程師,http://www.104.com.tw/job/3rara?jobsource=2018indexpoc,"月薪 28,000~40,000元"
台灣之星電信股份有限公司,12_(北區)店務專員,http://www.104.com.tw/job/5lcu6?jobsource=2018indexpoc,待遇面議 (經常性薪資達4萬元或以上) 
荷盛國際顧問股份有限公司,IT Specialist,http://www.104.com.tw/job/5epgm?jobsource=2018indexpoc,"月薪 30,000~40,000元"
翊羅科技有限公司,軟體工程師,http://www.104.com.tw/job/71a5o?jobsource=2018indexpoc,待遇面議 (經常性薪資達4萬元或以上) 
銀泰科技股份有限公司,網管工程師(工作地點：上海市),http://www.104.com.tw/job/67yva?jobsource=2018indexpoc,待遇面議 (經常性薪資達4萬元或以上) 
力碁科技服務股份有限公司,品管工程師-機電(屏東),http://www.104.com.tw/job/6ygwu?jobsource=2018indexpoc,"月薪 40,000~60,000元"
全國數位有線電視股份有限公司,MIS資訊專員 (研發處),http://www.104.com.tw/job/6mtch?jobsource=2018indexpoc,"月薪 30,000~48,000元"
雲端互動股份有限公司,Sr. .Net Developer,http://www.104.com.tw/job/6zh0z?jobsource=2018indexpoc,待遇面議 (經常性薪資達4萬元或以上) 
寶元數控股份有限公司,後端工程師,http://www.104.com.tw/job/6xapr?jobsource=2018indexpoc,"月薪 35,000元以上"
康全電訊股份有限公司,軟體設計工程師,http://www.104.com.tw/job/dps?jobsource=2018indexpoc,"月薪 35,000~60,000元"
向上國際科技股份有限公司,數據分析師,http://www.104.com.tw/job/6vpzg?jobsource=2018indexpoc,待遇面議 (經常性薪資達4萬元或以上) 
全徽道安科技股份有限公司,MIS工程師,http://www.104.com.tw/job/703ox?jobsource=2018indexpoc,"月薪 40,000~50,000元"
台灣英特艾倫人力資源有限公司,【杜拜】跨國遊戲軟體公司 徵 運維工程師 ,http://www.104.com.tw/job/6zyoa?jobsource=2018indexpoc,待遇面議 (經常性薪資達4萬元或以上) 
恆星網路科技有限公司,資深DBA工程師-V,http://www.104.com.tw/job/6r5kt?jobsource=2018indexpoc,待遇面議 (經常性薪資達4萬元或以上) 
蜂鳥食堂_蜂鳥科技股份有限公司,PHP 程式設計師,http://www.104.com.tw/job/6yoyq?jobsource=2018indexpoc,"月薪 35,000~60,000元"
新博軟體開發股份有限公司,MySQL DBA,http://www.104.com.tw/job/6xv7c?jobsource=2018indexpoc,待遇面議 (經常性薪資達4萬元或以上) 
愛勝遊戲股份有限公司,DevOps Engineer(月薪7W ~ 10W),http://www.104.com.tw/job/60jyy?jobsource=2018indexpoc,待遇面議 (經常性薪資達4萬元或以上) 
威剛科技股份有限公司,研究發展類-2020潛力新秀(IT),http://www.104.com.tw/job/6xren?jobsource=2018indexpoc,"月薪 32,000~45,000元"
長見營造有限公司,工地主任/副主任(新竹縣市),http://www.104.com.tw/job/6wkag?jobsource=2018indexpoc,待遇面議 (經常性薪資達4萬元或以上) 
亨福實業股份有限公司,資訊人員,http://www.104.com.tw/job/2oaau?jobsource=2018indexpoc,"月薪 23,800~40,000元"
高鼎精密材料股份有限公司,建廠專案專員,http://www.104.com.tw/job/5ncfi?jobsource=2018indexpoc,待遇面議 (經常性薪資達4萬元或以上) 
翊羅科技有限公司,MES工程師,http://www.104.com.tw/job/6z8zp?jobsource=2018indexpoc,待遇面議 (經常性薪資達4萬元或以上) 
金泰噴碼科技股份有限公司,[資訊]-ERP鼎新系統(TIP TOP)工程師,http://www.104.com.tw/job/61e4j?jobsource=2018indexpoc,待遇面議 (經常性薪資達4萬元或以上) 
思雲達科技有限公司,Go 開發工程師/Go developer,http://www.104.com.tw/job/71opm?jobsource=2018indexpoc,"月薪 65,000~80,000元"
三好米_億東企業股份有限公司,台北總公司-資訊主管,http://www.104.com.tw/job/5okao?jobsource=2018indexpoc,"月薪 50,000元以上"
麥斯網路媒體科技有限公司,網路資訊工程師(台中),http://www.104.com.tw/job/61pnt?jobsource=jolist_c_relevance,"月薪 32,000~38,000元"
豪門國際開發股份有限公司,專案--工地主任(具經驗),http://www.104.com.tw/job/713ur?jobsource=jolist_c_relevance,"月薪 50,000元以上"
禎浩工程有限公司,工地監工/營造工程師/工務人員,http://www.104.com.tw/job/6q451?jobsource=jolist_c_relevance,"月薪 35,000~60,000元"
久陽精密股份有限公司,mis工程師,http://www.104.com.tw/job/6zypg?jobsource=jolist_c_relevance,"月薪 35,000~40,000元"
大立光電股份有限公司,自動化物流軟體開發工程師,http://www.104.com.tw/job/40nxv?jobsource=jolist_c_relevance,待遇面議 (經常性薪資達4萬元或以上) 
保經科技有限公司,助理程式設計師-台北,http://www.104.com.tw/job/46nly?jobsource=jolist_c_relevance,"月薪 25,000~40,000元"
普鴻資訊股份有限公司,資深C#後端開發工程師(維運部),http://www.104.com.tw/job/70hun?jobsource=jolist_c_relevance,待遇面議 (經常性薪資達4萬元或以上) 
資寶科技股份有限公司,NLP資料科學家/NLP Data Scientist,http://www.104.com.tw/job/70gbv?jobsource=jolist_c_relevance,"年薪 1,600,000~2,500,000元"
凱勝電訊有限公司,軟體工程師,http://www.104.com.tw/job/70d7d?jobsource=jolist_c_relevance,"月薪 45,000~65,000元"
煙波大飯店股份有限公司,數據發展部 數據工程師,http://www.104.com.tw/job/6y2of?jobsource=jolist_c_relevance,待遇面議 (經常性薪資達4萬元或以上) 
諾迪科技股份有限公司,JAVA後端工程師,http://www.104.com.tw/job/6nan0?jobsource=jolist_c_relevance,"月薪 35,000~60,000元"
荷盛國際顧問股份有限公司,Programmer,http://www.104.com.tw/job/5ouv6?jobsource=jolist_c_relevance,"月薪 38,000~50,000元"
資寶科技股份有限公司,CV資料科學家/CV Data Scientist,http://www.104.com.tw/job/71fze?jobsource=jolist_c_relevance,"年薪 1,600,000~2,500,000元"
奇美拉股份有限公司,網頁助理工程師,http://www.104.com.tw/job/6yqlv?jobsource=jolist_c_relevance,"月薪 28,000~45,000元"
亞諾法生技股份有限公司,資訊專員,http://www.104.com.tw/job/6yzrs?jobsource=jolist_c_relevance,待遇面議 (經常性薪資達4萬元或以上) 
碩誠國際股份有限公司,JAVA 軟體工程師《具產險經驗，車險尤佳》(保障年薪120萬！歡迎您的加入),http://www.104.com.tw/job/6i524?jobsource=jolist_c_relevance,待遇面議 (經常性薪資達4萬元或以上) 
美而快實業股份有限公司,資深研發工程師,http://www.104.com.tw/job/5frqm?jobsource=jolist_c_relevance,待遇面議 (經常性薪資達4萬元或以上) 
美而快實業股份有限公司,數據工程師 (Data Engineer),http://www.104.com.tw/job/6sqki?jobsource=jolist_c_relevance,"月薪 36,000~60,000元"
國立成功大學_創新數位內容研究中心,成功大學人工智能數位轉型中心_C#工程師,http://www.104.com.tw/job/6ifzh?jobsource=jolist_c_relevance,"月薪 33,000~49,000元"
聯聚工程顧問有限公司,水保工程師/水利工程師(土城),http://www.104.com.tw/job/5lx6t?jobsource=jolist_c_relevance,"月薪 30,000~39,000元"
銀泰科技股份有限公司,網管工程師,http://www.104.com.tw/job/6uwa1?jobsource=jolist_c_relevance,"月薪 30,000~40,000元"
玉山綜合證券股份有限公司,資訊部人員 (.NET平台開發工程師),http://www.104.com.tw/job/4lku2?jobsource=jolist_c_relevance,待遇面議 (經常性薪資達4萬元或以上) 
岩磊建築股份有限公司,工務主任,http://www.104.com.tw/job/6cub4?jobsource=jolist_c_relevance,"月薪 45,000~60,000元"
承鴻國際實業股份有限公司_CITIMETAL INDUSTRIES INC.,全端軟體工程師(團隊夥伴),http://www.104.com.tw/job/4cqie?jobsource=jolist_c_relevance,"月薪 30,000~45,000元"
展市華科技有限公司,後端網頁工程師,http://www.104.com.tw/job/71amu?jobsource=jolist_c_relevance,"月薪 30,000~70,000元"
好德科技股份有限公司,網管工程師,http://www.104.com.tw/job/6hpkj?jobsource=jolist_c_relevance,"月薪 30,000~40,000元"
億力光電股份有限公司,台中廠_LED程式設計師,http://www.104.com.tw/job/4lmz5?jobsource=jolist_c_relevance,"月薪 27,000~50,000元"
辰昇網路科技有限公司,資深資料庫管理師(DBA),http://www.104.com.tw/job/6rmlg?jobsource=jolist_c_relevance,待遇面議 (經常性薪資達4萬元或以上) 
瑞特資訊系統股份有限公司,軟體設計工程師,http://www.104.com.tw/job/71cy1?jobsource=jolist_c_relevance,"月薪 30,000元以上"
九連環境開發股份有限公司,MIS資訊管理人員(桃園),http://www.104.com.tw/job/6pzen?jobsource=jolist_c_relevance,待遇面議 (經常性薪資達4萬元或以上) 
